speaker,segment,repetition,frame,coord,point,pixel
1,pal,1,1,x,1,182
1,pal,1,1,x,2,184
1,pal,1,1,x,3,187
1,pal,1,1,x,4,189
1,pal,1,1,x,5,191
1,pal,1,1,x,6,194
1,pal,1,1,x,7,197
1,pal,1,1,x,8,200
1,pal,1,1,x,9,203
1,pal,1,1,x,10,206
1,pal,1,1,x,11,209
1,pal,1,1,x,12,212
1,pal,1,1,x,13,216
1,pal,1,1,x,14,219
1,pal,1,1,x,15,223
1,pal,1,1,x,16,226
1,pal,1,1,x,17,230
1,pal,1,1,x,18,234
1,pal,1,1,x,19,237
1,pal,1,1,x,20,241
1,pal,1,1,x,21,245
1,pal,1,1,x,22,249
1,pal,1,1,x,23,253
1,pal,1,1,x,24,256
1,pal,1,1,x,25,260
1,pal,1,1,x,26,264
1,pal,1,1,x,27,268
1,pal,1,1,x,28,271
1,pal,1,1,x,29,275
1,pal,1,1,x,30,279
1,pal,1,1,x,31,283
1,pal,1,1,x,32,287
1,pal,1,1,x,33,290
1,pal,1,1,x,34,294
1,pal,1,1,x,35,298
1,pal,1,1,x,36,301
1,pal,1,1,x,37,305
1,pal,1,1,x,38,309
1,pal,1,1,x,39,313
1,pal,1,1,x,40,316
1,pal,1,1,x,41,320
1,pal,1,1,x,42,324
1,pal,1,1,x,43,328
1,pal,1,1,x,44,331
1,pal,1,1,x,45,335
1,pal,1,1,x,46,339
1,pal,1,1,x,47,342
1,pal,1,1,x,48,346
1,pal,1,1,x,49,349
1,pal,1,1,x,50,353
1,pal,1,1,x,51,356
1,pal,1,1,x,52,360
1,pal,1,1,x,53,364
1,pal,1,1,x,54,367
1,pal,1,1,x,55,371
1,pal,1,1,x,56,375
1,pal,1,1,x,57,378
1,pal,1,1,x,58,382
1,pal,1,1,x,59,385
1,pal,1,1,x,60,389
1,pal,1,1,x,61,392
1,pal,1,1,x,62,396
1,pal,1,1,x,63,399
1,pal,1,1,x,64,403
1,pal,1,1,x,65,406
1,pal,1,1,x,66,408
1,pal,1,1,x,67,412
1,pal,1,1,x,68,414
1,pal,1,1,x,69,417
1,pal,1,1,x,70,420
1,pal,1,1,x,71,423
1,pal,1,1,x,72,426
1,pal,1,1,x,73,429
1,pal,1,1,x,74,432
1,pal,1,1,x,75,435
1,pal,1,1,x,76,438
1,pal,1,1,x,77,441
1,pal,1,1,x,78,444
1,pal,1,1,x,79,447
1,pal,1,1,x,80,450
1,pal,1,1,x,81,453
1,pal,1,1,x,82,456
1,pal,1,1,x,83,459
1,pal,1,1,x,84,462
1,pal,1,1,x,85,465
1,pal,1,1,x,86,468
1,pal,1,1,x,87,472
1,pal,1,1,x,88,475
1,pal,1,1,x,89,479
1,pal,1,1,x,90,482
1,pal,1,1,x,91,486
1,pal,1,1,x,92,489
1,pal,1,1,x,93,492
1,pal,1,1,x,94,496
1,pal,1,1,x,95,499
1,pal,1,1,x,96,502
1,pal,1,1,x,97,506
1,pal,1,1,x,98,510
1,pal,1,1,x,99,513
1,pal,1,1,y,1,182
1,pal,1,1,y,2,179
1,pal,1,1,y,3,176
1,pal,1,1,y,4,173
1,pal,1,1,y,5,170
1,pal,1,1,y,6,167
1,pal,1,1,y,7,165
1,pal,1,1,y,8,163
1,pal,1,1,y,9,161
1,pal,1,1,y,10,158
1,pal,1,1,y,11,156
1,pal,1,1,y,12,154
1,pal,1,1,y,13,153
1,pal,1,1,y,14,151
1,pal,1,1,y,15,150
1,pal,1,1,y,16,148
1,pal,1,1,y,17,147
1,pal,1,1,y,18,146
1,pal,1,1,y,19,145
1,pal,1,1,y,20,145
1,pal,1,1,y,21,145
1,pal,1,1,y,22,145
1,pal,1,1,y,23,145
1,pal,1,1,y,24,145
1,pal,1,1,y,25,145
1,pal,1,1,y,26,144
1,pal,1,1,y,27,143
1,pal,1,1,y,28,143
1,pal,1,1,y,29,143
1,pal,1,1,y,30,143
1,pal,1,1,y,31,143
1,pal,1,1,y,32,143
1,pal,1,1,y,33,144
1,pal,1,1,y,34,144
1,pal,1,1,y,35,145
1,pal,1,1,y,36,145
1,pal,1,1,y,37,147
1,pal,1,1,y,38,148
1,pal,1,1,y,39,148
1,pal,1,1,y,40,148
1,pal,1,1,y,41,149
1,pal,1,1,y,42,149
1,pal,1,1,y,43,150
1,pal,1,1,y,44,150
1,pal,1,1,y,45,151
1,pal,1,1,y,46,152
1,pal,1,1,y,47,153
1,pal,1,1,y,48,155
1,pal,1,1,y,49,156
1,pal,1,1,y,50,158
1,pal,1,1,y,51,159
1,pal,1,1,y,52,160
1,pal,1,1,y,53,161
1,pal,1,1,y,54,161
1,pal,1,1,y,55,162
1,pal,1,1,y,56,162
1,pal,1,1,y,57,164
1,pal,1,1,y,58,164
1,pal,1,1,y,59,166
1,pal,1,1,y,60,166
1,pal,1,1,y,61,168
1,pal,1,1,y,62,170
1,pal,1,1,y,63,172
1,pal,1,1,y,64,172
1,pal,1,1,y,65,174
1,pal,1,1,y,66,177
1,pal,1,1,y,67,179
1,pal,1,1,y,68,182
1,pal,1,1,y,69,184
1,pal,1,1,y,70,187
1,pal,1,1,y,71,189
1,pal,1,1,y,72,192
1,pal,1,1,y,73,194
1,pal,1,1,y,74,196
1,pal,1,1,y,75,197
1,pal,1,1,y,76,200
1,pal,1,1,y,77,202
1,pal,1,1,y,78,205
1,pal,1,1,y,79,207
1,pal,1,1,y,80,210
1,pal,1,1,y,81,212
1,pal,1,1,y,82,214
1,pal,1,1,y,83,216
1,pal,1,1,y,84,218
1,pal,1,1,y,85,221
1,pal,1,1,y,86,222
1,pal,1,1,y,87,224
1,pal,1,1,y,88,226
1,pal,1,1,y,89,227
1,pal,1,1,y,90,228
1,pal,1,1,y,91,230
1,pal,1,1,y,92,231
1,pal,1,1,y,93,234
1,pal,1,1,y,94,235
1,pal,1,1,y,95,236
1,pal,1,1,y,96,239
1,pal,1,1,y,97,240
1,pal,1,1,y,98,240
1,pal,1,1,y,99,242
1,s,1,1,x,1,179.58
1,s,1,1,x,2,181.4
1,s,1,1,x,3,183.22
1,s,1,1,x,4,185.04
1,s,1,1,x,5,186.86
1,s,1,1,x,6,188.68
1,s,1,1,x,7,190.51
1,s,1,1,x,8,192.56
1,s,1,1,x,9,194.61
1,s,1,1,x,10,196.65
1,s,1,1,x,11,198.72
1,s,1,1,x,12,200.79
1,s,1,1,x,13,202.86
1,s,1,1,x,14,205.04
1,s,1,1,x,15,207.21
1,s,1,1,x,16,209.39
1,s,1,1,x,17,211.45
1,s,1,1,x,18,213.51
1,s,1,1,x,19,215.58
1,s,1,1,x,20,217.67
1,s,1,1,x,21,219.76
1,s,1,1,x,22,221.86
1,s,1,1,x,23,224.29
1,s,1,1,x,24,226.73
1,s,1,1,x,25,229.16
1,s,1,1,x,26,231.97
1,s,1,1,x,27,234.79
1,s,1,1,x,28,237.6
1,s,1,1,x,29,240.62
1,s,1,1,x,30,243.65
1,s,1,1,x,31,246.67
1,s,1,1,x,32,249.9
1,s,1,1,x,33,253.14
1,s,1,1,x,34,256.37
1,s,1,1,x,35,259.73
1,s,1,1,x,36,263.08
1,s,1,1,x,37,266.44
1,s,1,1,x,38,269.9
1,s,1,1,x,39,273.36
1,s,1,1,x,40,276.82
1,s,1,1,x,41,280.37
1,s,1,1,x,42,283.92
1,s,1,1,x,43,287.47
1,s,1,1,x,44,291.09
1,s,1,1,x,45,294.72
1,s,1,1,x,46,298.34
1,s,1,1,x,47,302.06
1,s,1,1,x,48,305.78
1,s,1,1,x,49,309.5
1,s,1,1,x,50,313.21
1,s,1,1,x,51,316.92
1,s,1,1,x,52,320.63
1,s,1,1,x,53,324.25
1,s,1,1,x,54,327.87
1,s,1,1,x,55,331.48
1,s,1,1,x,56,335
1,s,1,1,x,57,338.51
1,s,1,1,x,58,342.03
1,s,1,1,x,59,345.39
1,s,1,1,x,60,348.74
1,s,1,1,x,61,352.1
1,s,1,1,x,62,355.48
1,s,1,1,x,63,358.86
1,s,1,1,x,64,362.24
1,s,1,1,x,65,365.67
1,s,1,1,x,66,369.09
1,s,1,1,x,67,372.52
1,s,1,1,x,68,375.96
1,s,1,1,x,69,379.39
1,s,1,1,x,70,382.83
1,s,1,1,x,71,386.15
1,s,1,1,x,72,389.48
1,s,1,1,x,73,392.8
1,s,1,1,x,74,396.17
1,s,1,1,x,75,399.55
1,s,1,1,x,76,402.92
1,s,1,1,x,77,406.35
1,s,1,1,x,78,409.78
1,s,1,1,x,79,413.21
1,s,1,1,x,80,416.54
1,s,1,1,x,81,419.88
1,s,1,1,x,82,423.2
1,s,1,1,x,83,426.53
1,s,1,1,x,84,429.86
1,s,1,1,x,85,433.19
1,s,1,1,x,86,436.49
1,s,1,1,x,87,439.8
1,s,1,1,x,88,443.11
1,s,1,1,x,89,446.25
1,s,1,1,x,90,449.4
1,s,1,1,x,91,452.54
1,s,1,1,x,92,455.66
1,s,1,1,x,93,458.8
1,s,1,1,x,94,461.92
1,s,1,1,x,95,465.15
1,s,1,1,x,96,468.38
1,s,1,1,x,97,471.6
1,s,1,1,x,98,474.78
1,s,1,1,x,99,477.96
1,s,1,1,x,100,481.14
1,s,1,1,y,1,305.43
1,s,1,1,y,2,302.18
1,s,1,1,y,3,298.92
1,s,1,1,y,4,295.67
1,s,1,1,y,5,292.42
1,s,1,1,y,6,289.17
1,s,1,1,y,7,285.92
1,s,1,1,y,8,282.8
1,s,1,1,y,9,279.69
1,s,1,1,y,10,276.57
1,s,1,1,y,11,273.47
1,s,1,1,y,12,270.37
1,s,1,1,y,13,267.27
1,s,1,1,y,14,264.24
1,s,1,1,y,15,261.22
1,s,1,1,y,16,258.19
1,s,1,1,y,17,255.09
1,s,1,1,y,18,251.98
1,s,1,1,y,19,248.88
1,s,1,1,y,20,245.79
1,s,1,1,y,21,242.71
1,s,1,1,y,22,239.62
1,s,1,1,y,23,236.8
1,s,1,1,y,24,233.98
1,s,1,1,y,25,231.16
1,s,1,1,y,26,228.71
1,s,1,1,y,27,226.26
1,s,1,1,y,28,223.82
1,s,1,1,y,29,221.64
1,s,1,1,y,30,219.46
1,s,1,1,y,31,217.28
1,s,1,1,y,32,215.42
1,s,1,1,y,33,213.57
1,s,1,1,y,34,211.72
1,s,1,1,y,35,210.09
1,s,1,1,y,36,208.47
1,s,1,1,y,37,206.84
1,s,1,1,y,38,205.46
1,s,1,1,y,39,204.08
1,s,1,1,y,40,202.7
1,s,1,1,y,41,201.56
1,s,1,1,y,42,200.42
1,s,1,1,y,43,199.27
1,s,1,1,y,44,198.41
1,s,1,1,y,45,197.54
1,s,1,1,y,46,196.67
1,s,1,1,y,47,196.42
1,s,1,1,y,48,196.18
1,s,1,1,y,49,195.93
1,s,1,1,y,50,196.28
1,s,1,1,y,51,196.64
1,s,1,1,y,52,196.99
1,s,1,1,y,53,197.9
1,s,1,1,y,54,198.8
1,s,1,1,y,55,199.71
1,s,1,1,y,56,200.94
1,s,1,1,y,57,202.18
1,s,1,1,y,58,203.42
1,s,1,1,y,59,205.04
1,s,1,1,y,60,206.66
1,s,1,1,y,61,208.28
1,s,1,1,y,62,209.86
1,s,1,1,y,63,211.43
1,s,1,1,y,64,213
1,s,1,1,y,65,214.46
1,s,1,1,y,66,215.93
1,s,1,1,y,67,217.4
1,s,1,1,y,68,218.84
1,s,1,1,y,69,220.29
1,s,1,1,y,70,221.74
1,s,1,1,y,71,223.43
1,s,1,1,y,72,225.11
1,s,1,1,y,73,226.8
1,s,1,1,y,74,228.39
1,s,1,1,y,75,229.97
1,s,1,1,y,76,231.55
1,s,1,1,y,77,233.01
1,s,1,1,y,78,234.47
1,s,1,1,y,79,235.93
1,s,1,1,y,80,237.6
1,s,1,1,y,81,239.27
1,s,1,1,y,82,240.95
1,s,1,1,y,83,242.63
1,s,1,1,y,84,244.31
1,s,1,1,y,85,245.99
1,s,1,1,y,86,247.71
1,s,1,1,y,87,249.43
1,s,1,1,y,88,251.14
1,s,1,1,y,89,253.15
1,s,1,1,y,90,255.15
1,s,1,1,y,91,257.16
1,s,1,1,y,92,259.19
1,s,1,1,y,93,261.21
1,s,1,1,y,94,263.24
1,s,1,1,y,95,265.1
1,s,1,1,y,96,266.97
1,s,1,1,y,97,268.84
1,s,1,1,y,98,270.78
1,s,1,1,y,99,272.73
1,s,1,1,y,100,274.68
1,s,1,2,x,1,183.28
1,s,1,2,x,2,184.68
1,s,1,2,x,3,186.08
1,s,1,2,x,4,187.49
1,s,1,2,x,5,188.78
1,s,1,2,x,6,190.06
1,s,1,2,x,7,191.35
1,s,1,2,x,8,192.77
1,s,1,2,x,9,194.21
1,s,1,2,x,10,195.66
1,s,1,2,x,11,197.11
1,s,1,2,x,12,198.57
1,s,1,2,x,13,200.03
1,s,1,2,x,14,201.62
1,s,1,2,x,15,203.29
1,s,1,2,x,16,204.95
1,s,1,2,x,17,206.88
1,s,1,2,x,18,209.01
1,s,1,2,x,19,211.13
1,s,1,2,x,20,213.33
1,s,1,2,x,21,215.6
1,s,1,2,x,22,217.87
1,s,1,2,x,23,220.28
1,s,1,2,x,24,222.9
1,s,1,2,x,25,225.52
1,s,1,2,x,26,228.19
1,s,1,2,x,27,230.98
1,s,1,2,x,28,233.78
1,s,1,2,x,29,236.63
1,s,1,2,x,30,239.78
1,s,1,2,x,31,242.93
1,s,1,2,x,32,246.08
1,s,1,2,x,33,249.36
1,s,1,2,x,34,252.64
1,s,1,2,x,35,255.92
1,s,1,2,x,36,259.3
1,s,1,2,x,37,262.68
1,s,1,2,x,38,266.06
1,s,1,2,x,39,269.53
1,s,1,2,x,40,273.02
1,s,1,2,x,41,276.5
1,s,1,2,x,42,280.09
1,s,1,2,x,43,283.7
1,s,1,2,x,44,287.31
1,s,1,2,x,45,290.93
1,s,1,2,x,46,294.56
1,s,1,2,x,47,298.19
1,s,1,2,x,48,301.88
1,s,1,2,x,49,305.6
1,s,1,2,x,50,309.31
1,s,1,2,x,51,313.04
1,s,1,2,x,52,316.74
1,s,1,2,x,53,320.45
1,s,1,2,x,54,324.12
1,s,1,2,x,55,327.72
1,s,1,2,x,56,331.31
1,s,1,2,x,57,334.89
1,s,1,2,x,58,338.43
1,s,1,2,x,59,341.96
1,s,1,2,x,60,345.47
1,s,1,2,x,61,348.87
1,s,1,2,x,62,352.26
1,s,1,2,x,63,355.67
1,s,1,2,x,64,359.12
1,s,1,2,x,65,362.56
1,s,1,2,x,66,366.01
1,s,1,2,x,67,369.45
1,s,1,2,x,68,372.89
1,s,1,2,x,69,376.33
1,s,1,2,x,70,379.71
1,s,1,2,x,71,383.09
1,s,1,2,x,72,386.46
1,s,1,2,x,73,389.88
1,s,1,2,x,74,393.31
1,s,1,2,x,75,396.74
1,s,1,2,x,76,400.19
1,s,1,2,x,77,403.65
1,s,1,2,x,78,407.1
1,s,1,2,x,79,410.49
1,s,1,2,x,80,413.83
1,s,1,2,x,81,417.18
1,s,1,2,x,82,420.52
1,s,1,2,x,83,423.87
1,s,1,2,x,84,427.21
1,s,1,2,x,85,430.55
1,s,1,2,x,86,433.89
1,s,1,2,x,87,437.22
1,s,1,2,x,88,440.53
1,s,1,2,x,89,443.78
1,s,1,2,x,90,447.02
1,s,1,2,x,91,450.22
1,s,1,2,x,92,453.28
1,s,1,2,x,93,456.34
1,s,1,2,x,94,459.4
1,s,1,2,x,95,462.47
1,s,1,2,x,96,465.55
1,s,1,2,x,97,468.63
1,s,1,2,x,98,471.8
1,s,1,2,x,99,474.97
1,s,1,2,x,100,478.13
1,s,1,2,y,1,310.79
1,s,1,2,y,2,307.34
1,s,1,2,y,3,303.89
1,s,1,2,y,4,300.45
1,s,1,2,y,5,296.96
1,s,1,2,y,6,293.46
1,s,1,2,y,7,289.97
1,s,1,2,y,8,286.53
1,s,1,2,y,9,283.1
1,s,1,2,y,10,279.67
1,s,1,2,y,11,276.24
1,s,1,2,y,12,272.82
1,s,1,2,y,13,269.39
1,s,1,2,y,14,266.03
1,s,1,2,y,15,262.7
1,s,1,2,y,16,259.37
1,s,1,2,y,17,256.18
1,s,1,2,y,18,253.13
1,s,1,2,y,19,250.07
1,s,1,2,y,20,247.07
1,s,1,2,y,21,244.12
1,s,1,2,y,22,241.18
1,s,1,2,y,23,238.33
1,s,1,2,y,24,235.69
1,s,1,2,y,25,233.05
1,s,1,2,y,26,230.45
1,s,1,2,y,27,227.99
1,s,1,2,y,28,225.53
1,s,1,2,y,29,223.15
1,s,1,2,y,30,221.16
1,s,1,2,y,31,219.18
1,s,1,2,y,32,217.2
1,s,1,2,y,33,215.44
1,s,1,2,y,34,213.68
1,s,1,2,y,35,211.91
1,s,1,2,y,36,210.35
1,s,1,2,y,37,208.79
1,s,1,2,y,38,207.24
1,s,1,2,y,39,205.89
1,s,1,2,y,40,204.59
1,s,1,2,y,41,203.28
1,s,1,2,y,42,202.28
1,s,1,2,y,43,201.38
1,s,1,2,y,44,200.47
1,s,1,2,y,45,199.62
1,s,1,2,y,46,198.8
1,s,1,2,y,47,197.98
1,s,1,2,y,48,197.51
1,s,1,2,y,49,197.28
1,s,1,2,y,50,197.05
1,s,1,2,y,51,197.11
1,s,1,2,y,52,197.47
1,s,1,2,y,53,197.82
1,s,1,2,y,54,198.42
1,s,1,2,y,55,199.37
1,s,1,2,y,56,200.34
1,s,1,2,y,57,201.36
1,s,1,2,y,58,202.52
1,s,1,2,y,59,203.69
1,s,1,2,y,60,204.94
1,s,1,2,y,61,206.46
1,s,1,2,y,62,207.98
1,s,1,2,y,63,209.48
1,s,1,2,y,64,210.89
1,s,1,2,y,65,212.29
1,s,1,2,y,66,213.7
1,s,1,2,y,67,215.11
1,s,1,2,y,68,216.53
1,s,1,2,y,69,217.95
1,s,1,2,y,70,219.51
1,s,1,2,y,71,221.07
1,s,1,2,y,72,222.65
1,s,1,2,y,73,224.12
1,s,1,2,y,74,225.57
1,s,1,2,y,75,227.01
1,s,1,2,y,76,228.41
1,s,1,2,y,77,229.79
1,s,1,2,y,78,231.17
1,s,1,2,y,79,232.72
1,s,1,2,y,80,234.35
1,s,1,2,y,81,235.98
1,s,1,2,y,82,237.62
1,s,1,2,y,83,239.25
1,s,1,2,y,84,240.88
1,s,1,2,y,85,242.53
1,s,1,2,y,86,244.18
1,s,1,2,y,87,245.83
1,s,1,2,y,88,247.54
1,s,1,2,y,89,249.36
1,s,1,2,y,90,251.18
1,s,1,2,y,91,253.09
1,s,1,2,y,92,255.21
1,s,1,2,y,93,257.33
1,s,1,2,y,94,259.45
1,s,1,2,y,95,261.55
1,s,1,2,y,96,263.65
1,s,1,2,y,97,265.73
1,s,1,2,y,98,267.69
1,s,1,2,y,99,269.64
1,s,1,2,y,100,271.6
1,s,1,3,x,1,184.38
1,s,1,3,x,2,186
1,s,1,3,x,3,187.62
1,s,1,3,x,4,189.23
1,s,1,3,x,5,190.86
1,s,1,3,x,6,192.49
1,s,1,3,x,7,194.11
1,s,1,3,x,8,195.87
1,s,1,3,x,9,197.67
1,s,1,3,x,10,199.47
1,s,1,3,x,11,201.45
1,s,1,3,x,12,203.53
1,s,1,3,x,13,205.61
1,s,1,3,x,14,207.89
1,s,1,3,x,15,210.34
1,s,1,3,x,16,212.79
1,s,1,3,x,17,215.3
1,s,1,3,x,18,217.9
1,s,1,3,x,19,220.51
1,s,1,3,x,20,223.22
1,s,1,3,x,21,226.2
1,s,1,3,x,22,229.18
1,s,1,3,x,23,232.16
1,s,1,3,x,24,235.16
1,s,1,3,x,25,238.16
1,s,1,3,x,26,241.16
1,s,1,3,x,27,244.28
1,s,1,3,x,28,247.4
1,s,1,3,x,29,250.51
1,s,1,3,x,30,253.89
1,s,1,3,x,31,257.28
1,s,1,3,x,32,260.67
1,s,1,3,x,33,264.04
1,s,1,3,x,34,267.41
1,s,1,3,x,35,270.78
1,s,1,3,x,36,274.25
1,s,1,3,x,37,277.76
1,s,1,3,x,38,281.27
1,s,1,3,x,39,284.82
1,s,1,3,x,40,288.38
1,s,1,3,x,41,291.95
1,s,1,3,x,42,295.53
1,s,1,3,x,43,299.13
1,s,1,3,x,44,302.73
1,s,1,3,x,45,306.37
1,s,1,3,x,46,310.08
1,s,1,3,x,47,313.79
1,s,1,3,x,48,317.52
1,s,1,3,x,49,321.27
1,s,1,3,x,50,325.02
1,s,1,3,x,51,328.77
1,s,1,3,x,52,332.51
1,s,1,3,x,53,336.25
1,s,1,3,x,54,339.98
1,s,1,3,x,55,343.67
1,s,1,3,x,56,347.36
1,s,1,3,x,57,351.04
1,s,1,3,x,58,354.71
1,s,1,3,x,59,358.38
1,s,1,3,x,60,362.06
1,s,1,3,x,61,365.72
1,s,1,3,x,62,369.39
1,s,1,3,x,63,373.05
1,s,1,3,x,64,376.7
1,s,1,3,x,65,380.35
1,s,1,3,x,66,383.98
1,s,1,3,x,67,387.63
1,s,1,3,x,68,391.27
1,s,1,3,x,69,394.88
1,s,1,3,x,70,398.47
1,s,1,3,x,71,402.07
1,s,1,3,x,72,405.67
1,s,1,3,x,73,409.27
1,s,1,3,x,74,412.83
1,s,1,3,x,75,416.39
1,s,1,3,x,76,419.95
1,s,1,3,x,77,423.5
1,s,1,3,x,78,427.06
1,s,1,3,x,79,430.62
1,s,1,3,x,80,434.18
1,s,1,3,x,81,437.74
1,s,1,3,x,82,441.3
1,s,1,3,x,83,444.86
1,s,1,3,x,84,448.42
1,s,1,3,x,85,451.96
1,s,1,3,x,86,455.45
1,s,1,3,x,87,458.95
1,s,1,3,x,88,462.44
1,s,1,3,x,89,465.93
1,s,1,3,x,90,469.43
1,s,1,3,x,91,472.92
1,s,1,3,x,92,476.3
1,s,1,3,x,93,479.6
1,s,1,3,x,94,482.91
1,s,1,3,x,95,486.22
1,s,1,3,x,96,489.47
1,s,1,3,x,97,492.35
1,s,1,3,x,98,495.23
1,s,1,3,x,99,498.12
1,s,1,3,x,100,501
1,s,1,3,y,1,302.45
1,s,1,3,y,2,299.07
1,s,1,3,y,3,295.68
1,s,1,3,y,4,292.3
1,s,1,3,y,5,288.92
1,s,1,3,y,6,285.54
1,s,1,3,y,7,282.15
1,s,1,3,y,8,278.84
1,s,1,3,y,9,275.55
1,s,1,3,y,10,272.26
1,s,1,3,y,11,269.07
1,s,1,3,y,12,265.95
1,s,1,3,y,13,262.82
1,s,1,3,y,14,259.84
1,s,1,3,y,15,257
1,s,1,3,y,16,254.16
1,s,1,3,y,17,251.38
1,s,1,3,y,18,248.68
1,s,1,3,y,19,245.97
1,s,1,3,y,20,243.38
1,s,1,3,y,21,241.1
1,s,1,3,y,22,238.82
1,s,1,3,y,23,236.54
1,s,1,3,y,24,234.29
1,s,1,3,y,25,232.04
1,s,1,3,y,26,229.8
1,s,1,3,y,27,227.71
1,s,1,3,y,28,225.62
1,s,1,3,y,29,223.53
1,s,1,3,y,30,221.89
1,s,1,3,y,31,220.29
1,s,1,3,y,32,218.69
1,s,1,3,y,33,217.04
1,s,1,3,y,34,215.39
1,s,1,3,y,35,213.74
1,s,1,3,y,36,212.31
1,s,1,3,y,37,210.99
1,s,1,3,y,38,209.67
1,s,1,3,y,39,208.44
1,s,1,3,y,40,207.28
1,s,1,3,y,41,206.13
1,s,1,3,y,42,205.01
1,s,1,3,y,43,203.94
1,s,1,3,y,44,202.88
1,s,1,3,y,45,201.98
1,s,1,3,y,46,201.42
1,s,1,3,y,47,200.87
1,s,1,3,y,48,200.44
1,s,1,3,y,49,200.47
1,s,1,3,y,50,200.5
1,s,1,3,y,51,200.55
1,s,1,3,y,52,200.88
1,s,1,3,y,53,201.2
1,s,1,3,y,54,201.53
1,s,1,3,y,55,202.22
1,s,1,3,y,56,202.93
1,s,1,3,y,57,203.64
1,s,1,3,y,58,204.4
1,s,1,3,y,59,205.17
1,s,1,3,y,60,205.94
1,s,1,3,y,61,206.73
1,s,1,3,y,62,207.53
1,s,1,3,y,63,208.33
1,s,1,3,y,64,209.2
1,s,1,3,y,65,210.1
1,s,1,3,y,66,211.01
1,s,1,3,y,67,211.91
1,s,1,3,y,68,212.82
1,s,1,3,y,69,213.84
1,s,1,3,y,70,214.9
1,s,1,3,y,71,215.96
1,s,1,3,y,72,217.02
1,s,1,3,y,73,218.09
1,s,1,3,y,74,219.28
1,s,1,3,y,75,220.46
1,s,1,3,y,76,221.65
1,s,1,3,y,77,222.84
1,s,1,3,y,78,224.02
1,s,1,3,y,79,225.21
1,s,1,3,y,80,226.39
1,s,1,3,y,81,227.58
1,s,1,3,y,82,228.77
1,s,1,3,y,83,229.95
1,s,1,3,y,84,231.14
1,s,1,3,y,85,232.38
1,s,1,3,y,86,233.74
1,s,1,3,y,87,235.11
1,s,1,3,y,88,236.48
1,s,1,3,y,89,237.85
1,s,1,3,y,90,239.21
1,s,1,3,y,91,240.58
1,s,1,3,y,92,242.22
1,s,1,3,y,93,243.99
1,s,1,3,y,94,245.76
1,s,1,3,y,95,247.52
1,s,1,3,y,96,249.39
1,s,1,3,y,97,251.79
1,s,1,3,y,98,254.2
1,s,1,3,y,99,256.6
1,s,1,3,y,100,259
1,s,1,4,x,1,196.9
1,s,1,4,x,2,198.28
1,s,1,4,x,3,199.67
1,s,1,4,x,4,201.05
1,s,1,4,x,5,202.43
1,s,1,4,x,6,203.8
1,s,1,4,x,7,205.18
1,s,1,4,x,8,206.85
1,s,1,4,x,9,208.59
1,s,1,4,x,10,210.34
1,s,1,4,x,11,212.24
1,s,1,4,x,12,214.2
1,s,1,4,x,13,216.17
1,s,1,4,x,14,218.33
1,s,1,4,x,15,220.6
1,s,1,4,x,16,222.88
1,s,1,4,x,17,225.28
1,s,1,4,x,18,227.77
1,s,1,4,x,19,230.27
1,s,1,4,x,20,232.95
1,s,1,4,x,21,235.85
1,s,1,4,x,22,238.75
1,s,1,4,x,23,241.7
1,s,1,4,x,24,244.74
1,s,1,4,x,25,247.78
1,s,1,4,x,26,250.87
1,s,1,4,x,27,254.12
1,s,1,4,x,28,257.37
1,s,1,4,x,29,260.65
1,s,1,4,x,30,264.05
1,s,1,4,x,31,267.44
1,s,1,4,x,32,270.85
1,s,1,4,x,33,274.29
1,s,1,4,x,34,277.74
1,s,1,4,x,35,281.18
1,s,1,4,x,36,284.64
1,s,1,4,x,37,288.09
1,s,1,4,x,38,291.54
1,s,1,4,x,39,295.06
1,s,1,4,x,40,298.58
1,s,1,4,x,41,302.11
1,s,1,4,x,42,305.71
1,s,1,4,x,43,309.32
1,s,1,4,x,44,312.94
1,s,1,4,x,45,316.56
1,s,1,4,x,46,320.18
1,s,1,4,x,47,323.81
1,s,1,4,x,48,327.44
1,s,1,4,x,49,331.07
1,s,1,4,x,50,334.7
1,s,1,4,x,51,338.33
1,s,1,4,x,52,341.94
1,s,1,4,x,53,345.55
1,s,1,4,x,54,349.17
1,s,1,4,x,55,352.78
1,s,1,4,x,56,356.39
1,s,1,4,x,57,359.99
1,s,1,4,x,58,363.55
1,s,1,4,x,59,367.11
1,s,1,4,x,60,370.66
1,s,1,4,x,61,374.11
1,s,1,4,x,62,377.57
1,s,1,4,x,63,381.01
1,s,1,4,x,64,384.37
1,s,1,4,x,65,387.73
1,s,1,4,x,66,391.09
1,s,1,4,x,67,394.41
1,s,1,4,x,68,397.74
1,s,1,4,x,69,401.06
1,s,1,4,x,70,404.48
1,s,1,4,x,71,407.9
1,s,1,4,x,72,411.32
1,s,1,4,x,73,414.79
1,s,1,4,x,74,418.26
1,s,1,4,x,75,421.74
1,s,1,4,x,76,425.27
1,s,1,4,x,77,428.82
1,s,1,4,x,78,432.37
1,s,1,4,x,79,435.93
1,s,1,4,x,80,439.5
1,s,1,4,x,81,443.07
1,s,1,4,x,82,446.65
1,s,1,4,x,83,450.25
1,s,1,4,x,84,453.84
1,s,1,4,x,85,457.41
1,s,1,4,x,86,460.91
1,s,1,4,x,87,464.42
1,s,1,4,x,88,467.87
1,s,1,4,x,89,471.21
1,s,1,4,x,90,474.56
1,s,1,4,x,91,477.86
1,s,1,4,x,92,481.05
1,s,1,4,x,93,484.23
1,s,1,4,x,94,487.4
1,s,1,4,x,95,490.56
1,s,1,4,x,96,493.71
1,s,1,4,x,97,496.87
1,s,1,4,x,98,500.07
1,s,1,4,x,99,503.26
1,s,1,4,x,100,506.46
1,s,1,4,y,1,293.92
1,s,1,4,y,2,290.56
1,s,1,4,y,3,287.21
1,s,1,4,y,4,283.85
1,s,1,4,y,5,280.49
1,s,1,4,y,6,277.12
1,s,1,4,y,7,273.76
1,s,1,4,y,8,270.54
1,s,1,4,y,9,267.35
1,s,1,4,y,10,264.17
1,s,1,4,y,11,261.07
1,s,1,4,y,12,258.02
1,s,1,4,y,13,254.96
1,s,1,4,y,14,252.05
1,s,1,4,y,15,249.21
1,s,1,4,y,16,246.39
1,s,1,4,y,17,243.65
1,s,1,4,y,18,241.02
1,s,1,4,y,19,238.38
1,s,1,4,y,20,235.93
1,s,1,4,y,21,233.74
1,s,1,4,y,22,231.55
1,s,1,4,y,23,229.44
1,s,1,4,y,24,227.45
1,s,1,4,y,25,225.46
1,s,1,4,y,26,223.56
1,s,1,4,y,27,221.94
1,s,1,4,y,28,220.32
1,s,1,4,y,29,218.76
1,s,1,4,y,30,217.48
1,s,1,4,y,31,216.19
1,s,1,4,y,32,214.91
1,s,1,4,y,33,213.77
1,s,1,4,y,34,212.62
1,s,1,4,y,35,211.48
1,s,1,4,y,36,210.35
1,s,1,4,y,37,209.23
1,s,1,4,y,38,208.1
1,s,1,4,y,39,207.2
1,s,1,4,y,40,206.32
1,s,1,4,y,41,205.45
1,s,1,4,y,42,204.97
1,s,1,4,y,43,204.6
1,s,1,4,y,44,204.22
1,s,1,4,y,45,203.96
1,s,1,4,y,46,203.74
1,s,1,4,y,47,203.53
1,s,1,4,y,48,203.48
1,s,1,4,y,49,203.54
1,s,1,4,y,50,203.61
1,s,1,4,y,51,203.82
1,s,1,4,y,52,204.19
1,s,1,4,y,53,204.56
1,s,1,4,y,54,204.93
1,s,1,4,y,55,205.31
1,s,1,4,y,56,205.69
1,s,1,4,y,57,206.17
1,s,1,4,y,58,206.88
1,s,1,4,y,59,207.58
1,s,1,4,y,60,208.37
1,s,1,4,y,61,209.5
1,s,1,4,y,62,210.62
1,s,1,4,y,63,211.78
1,s,1,4,y,64,213.15
1,s,1,4,y,65,214.52
1,s,1,4,y,66,215.9
1,s,1,4,y,67,217.37
1,s,1,4,y,68,218.83
1,s,1,4,y,69,220.3
1,s,1,4,y,70,221.53
1,s,1,4,y,71,222.74
1,s,1,4,y,72,223.96
1,s,1,4,y,73,225.04
1,s,1,4,y,74,226.1
1,s,1,4,y,75,227.16
1,s,1,4,y,76,228
1,s,1,4,y,77,228.78
1,s,1,4,y,78,229.55
1,s,1,4,y,79,230.26
1,s,1,4,y,80,230.93
1,s,1,4,y,81,231.6
1,s,1,4,y,82,232.18
1,s,1,4,y,83,232.69
1,s,1,4,y,84,233.2
1,s,1,4,y,85,233.91
1,s,1,4,y,86,234.86
1,s,1,4,y,87,235.8
1,s,1,4,y,88,236.93
1,s,1,4,y,89,238.35
1,s,1,4,y,90,239.76
1,s,1,4,y,91,241.28
1,s,1,4,y,92,243.02
1,s,1,4,y,93,244.77
1,s,1,4,y,94,246.53
1,s,1,4,y,95,248.33
1,s,1,4,y,96,250.13
1,s,1,4,y,97,251.92
1,s,1,4,y,98,253.65
1,s,1,4,y,99,255.37
1,s,1,4,y,100,257.1
1,s,1,5,x,1,210
1,s,1,5,x,2,210.71
1,s,1,5,x,3,211.41
1,s,1,5,x,4,212.27
1,s,1,5,x,5,213.82
1,s,1,5,x,6,215.38
1,s,1,5,x,7,217
1,s,1,5,x,8,218.88
1,s,1,5,x,9,220.75
1,s,1,5,x,10,222.67
1,s,1,5,x,11,224.74
1,s,1,5,x,12,226.81
1,s,1,5,x,13,228.93
1,s,1,5,x,14,231.24
1,s,1,5,x,15,233.55
1,s,1,5,x,16,235.91
1,s,1,5,x,17,238.5
1,s,1,5,x,18,241.08
1,s,1,5,x,19,243.69
1,s,1,5,x,20,246.41
1,s,1,5,x,21,249.14
1,s,1,5,x,22,251.89
1,s,1,5,x,23,254.81
1,s,1,5,x,24,257.72
1,s,1,5,x,25,260.65
1,s,1,5,x,26,263.62
1,s,1,5,x,27,266.58
1,s,1,5,x,28,269.55
1,s,1,5,x,29,272.51
1,s,1,5,x,30,275.47
1,s,1,5,x,31,278.43
1,s,1,5,x,32,281.34
1,s,1,5,x,33,284.26
1,s,1,5,x,34,287.19
1,s,1,5,x,35,290.21
1,s,1,5,x,36,293.24
1,s,1,5,x,37,296.28
1,s,1,5,x,38,299.4
1,s,1,5,x,39,302.52
1,s,1,5,x,40,305.65
1,s,1,5,x,41,308.86
1,s,1,5,x,42,312.08
1,s,1,5,x,43,315.31
1,s,1,5,x,44,318.56
1,s,1,5,x,45,321.81
1,s,1,5,x,46,325.06
1,s,1,5,x,47,328.29
1,s,1,5,x,48,331.53
1,s,1,5,x,49,334.76
1,s,1,5,x,50,337.95
1,s,1,5,x,51,341.14
1,s,1,5,x,52,344.34
1,s,1,5,x,53,347.57
1,s,1,5,x,54,350.81
1,s,1,5,x,55,354.04
1,s,1,5,x,56,357.27
1,s,1,5,x,57,360.51
1,s,1,5,x,58,363.73
1,s,1,5,x,59,366.92
1,s,1,5,x,60,370.11
1,s,1,5,x,61,373.29
1,s,1,5,x,62,376.47
1,s,1,5,x,63,379.65
1,s,1,5,x,64,382.83
1,s,1,5,x,65,385.97
1,s,1,5,x,66,389.1
1,s,1,5,x,67,392.23
1,s,1,5,x,68,395.31
1,s,1,5,x,69,398.4
1,s,1,5,x,70,401.48
1,s,1,5,x,71,404.59
1,s,1,5,x,72,407.7
1,s,1,5,x,73,410.8
1,s,1,5,x,74,413.93
1,s,1,5,x,75,417.06
1,s,1,5,x,76,420.18
1,s,1,5,x,77,423.31
1,s,1,5,x,78,426.44
1,s,1,5,x,79,429.56
1,s,1,5,x,80,432.63
1,s,1,5,x,81,435.69
1,s,1,5,x,82,438.75
1,s,1,5,x,83,441.79
1,s,1,5,x,84,444.82
1,s,1,5,x,85,447.86
1,s,1,5,x,86,450.76
1,s,1,5,x,87,453.66
1,s,1,5,x,88,456.55
1,s,1,5,x,89,459.24
1,s,1,5,x,90,461.92
1,s,1,5,x,91,464.61
1,s,1,5,x,92,467.27
1,s,1,5,x,93,469.92
1,s,1,5,x,94,472.58
1,s,1,5,x,95,475.22
1,s,1,5,x,96,477.86
1,s,1,5,x,97,480.5
1,s,1,5,x,98,483.16
1,s,1,5,x,99,485.82
1,s,1,5,x,100,488.49
1,s,1,5,y,1,277
1,s,1,5,y,2,273.83
1,s,1,5,y,3,270.65
1,s,1,5,y,4,267.51
1,s,1,5,y,5,264.65
1,s,1,5,y,6,261.8
1,s,1,5,y,7,258.98
1,s,1,5,y,8,256.33
1,s,1,5,y,9,253.67
1,s,1,5,y,10,251.04
1,s,1,5,y,11,248.54
1,s,1,5,y,12,246.03
1,s,1,5,y,13,243.56
1,s,1,5,y,14,241.27
1,s,1,5,y,15,238.98
1,s,1,5,y,16,236.75
1,s,1,5,y,17,234.78
1,s,1,5,y,18,232.8
1,s,1,5,y,19,230.86
1,s,1,5,y,20,229.08
1,s,1,5,y,21,227.3
1,s,1,5,y,22,225.57
1,s,1,5,y,23,224.13
1,s,1,5,y,24,222.69
1,s,1,5,y,25,221.27
1,s,1,5,y,26,219.94
1,s,1,5,y,27,218.6
1,s,1,5,y,28,217.27
1,s,1,5,y,29,215.93
1,s,1,5,y,30,214.59
1,s,1,5,y,31,213.23
1,s,1,5,y,32,211.79
1,s,1,5,y,33,210.34
1,s,1,5,y,34,208.94
1,s,1,5,y,35,207.74
1,s,1,5,y,36,206.54
1,s,1,5,y,37,205.39
1,s,1,5,y,38,204.47
1,s,1,5,y,39,203.55
1,s,1,5,y,40,202.68
1,s,1,5,y,41,202.19
1,s,1,5,y,42,201.7
1,s,1,5,y,43,201.29
1,s,1,5,y,44,201.36
1,s,1,5,y,45,201.44
1,s,1,5,y,46,201.55
1,s,1,5,y,47,201.88
1,s,1,5,y,48,202.21
1,s,1,5,y,49,202.58
1,s,1,5,y,50,203.21
1,s,1,5,y,51,203.84
1,s,1,5,y,52,204.44
1,s,1,5,y,53,204.77
1,s,1,5,y,54,205.09
1,s,1,5,y,55,205.42
1,s,1,5,y,56,205.8
1,s,1,5,y,57,206.17
1,s,1,5,y,58,206.58
1,s,1,5,y,59,207.22
1,s,1,5,y,60,207.87
1,s,1,5,y,61,208.52
1,s,1,5,y,62,209.2
1,s,1,5,y,63,209.88
1,s,1,5,y,64,210.58
1,s,1,5,y,65,211.44
1,s,1,5,y,66,212.31
1,s,1,5,y,67,213.2
1,s,1,5,y,68,214.23
1,s,1,5,y,69,215.26
1,s,1,5,y,70,216.3
1,s,1,5,y,71,217.25
1,s,1,5,y,72,218.21
1,s,1,5,y,73,219.17
1,s,1,5,y,74,220.07
1,s,1,5,y,75,220.96
1,s,1,5,y,76,221.86
1,s,1,5,y,77,222.75
1,s,1,5,y,78,223.64
1,s,1,5,y,79,224.54
1,s,1,5,y,80,225.63
1,s,1,5,y,81,226.72
1,s,1,5,y,82,227.82
1,s,1,5,y,83,228.98
1,s,1,5,y,84,230.15
1,s,1,5,y,85,231.32
1,s,1,5,y,86,232.79
1,s,1,5,y,87,234.26
1,s,1,5,y,88,235.74
1,s,1,5,y,89,237.57
1,s,1,5,y,90,239.41
1,s,1,5,y,91,241.25
1,s,1,5,y,92,243.12
1,s,1,5,y,93,245
1,s,1,5,y,94,246.87
1,s,1,5,y,95,248.77
1,s,1,5,y,96,250.67
1,s,1,5,y,97,252.57
1,s,1,5,y,98,254.44
1,s,1,5,y,99,256.31
1,s,1,5,y,100,258.17
1,s,2,1,x,1,190.47
1,s,2,1,x,2,191.77
1,s,2,1,x,3,193.06
1,s,2,1,x,4,194.36
1,s,2,1,x,5,195.65
1,s,2,1,x,6,196.94
1,s,2,1,x,7,198.23
1,s,2,1,x,8,199.51
1,s,2,1,x,9,200.78
1,s,2,1,x,10,202.06
1,s,2,1,x,11,203.44
1,s,2,1,x,12,204.83
1,s,2,1,x,13,206.22
1,s,2,1,x,14,207.76
1,s,2,1,x,15,209.29
1,s,2,1,x,16,210.83
1,s,2,1,x,17,212.41
1,s,2,1,x,18,214
1,s,2,1,x,19,215.59
1,s,2,1,x,20,217.55
1,s,2,1,x,21,219.51
1,s,2,1,x,22,221.47
1,s,2,1,x,23,223.63
1,s,2,1,x,24,225.78
1,s,2,1,x,25,227.93
1,s,2,1,x,26,230.61
1,s,2,1,x,27,233.28
1,s,2,1,x,28,235.95
1,s,2,1,x,29,238.87
1,s,2,1,x,30,241.8
1,s,2,1,x,31,244.72
1,s,2,1,x,32,247.97
1,s,2,1,x,33,251.21
1,s,2,1,x,34,254.46
1,s,2,1,x,35,257.83
1,s,2,1,x,36,261.2
1,s,2,1,x,37,264.57
1,s,2,1,x,38,268.03
1,s,2,1,x,39,271.49
1,s,2,1,x,40,274.95
1,s,2,1,x,41,278.51
1,s,2,1,x,42,282.07
1,s,2,1,x,43,285.62
1,s,2,1,x,44,289.33
1,s,2,1,x,45,293.03
1,s,2,1,x,46,296.73
1,s,2,1,x,47,300.5
1,s,2,1,x,48,304.27
1,s,2,1,x,49,308.04
1,s,2,1,x,50,311.8
1,s,2,1,x,51,315.56
1,s,2,1,x,52,319.32
1,s,2,1,x,53,323.01
1,s,2,1,x,54,326.71
1,s,2,1,x,55,330.41
1,s,2,1,x,56,333.98
1,s,2,1,x,57,337.55
1,s,2,1,x,58,341.12
1,s,2,1,x,59,344.47
1,s,2,1,x,60,347.81
1,s,2,1,x,61,351.16
1,s,2,1,x,62,354.51
1,s,2,1,x,63,357.85
1,s,2,1,x,64,361.2
1,s,2,1,x,65,364.54
1,s,2,1,x,66,367.87
1,s,2,1,x,67,371.21
1,s,2,1,x,68,374.7
1,s,2,1,x,69,378.2
1,s,2,1,x,70,381.69
1,s,2,1,x,71,385.16
1,s,2,1,x,72,388.63
1,s,2,1,x,73,392.1
1,s,2,1,x,74,395.55
1,s,2,1,x,75,399.01
1,s,2,1,x,76,402.46
1,s,2,1,x,77,405.99
1,s,2,1,x,78,409.53
1,s,2,1,x,79,413.07
1,s,2,1,x,80,416.59
1,s,2,1,x,81,420.12
1,s,2,1,x,82,423.64
1,s,2,1,x,83,427.02
1,s,2,1,x,84,430.4
1,s,2,1,x,85,433.79
1,s,2,1,x,86,437.17
1,s,2,1,x,87,440.55
1,s,2,1,x,88,443.93
1,s,2,1,x,89,447.11
1,s,2,1,x,90,450.28
1,s,2,1,x,91,453.46
1,s,2,1,x,92,456.63
1,s,2,1,x,93,459.8
1,s,2,1,x,94,462.97
1,s,2,1,x,95,465.96
1,s,2,1,x,96,468.94
1,s,2,1,x,97,471.93
1,s,2,1,x,98,474.91
1,s,2,1,x,99,477.89
1,s,2,1,x,100,480.87
1,s,2,1,y,1,316.78
1,s,2,1,y,2,313.23
1,s,2,1,y,3,309.68
1,s,2,1,y,4,306.13
1,s,2,1,y,5,302.58
1,s,2,1,y,6,299.03
1,s,2,1,y,7,295.48
1,s,2,1,y,8,291.92
1,s,2,1,y,9,288.36
1,s,2,1,y,10,284.81
1,s,2,1,y,11,281.29
1,s,2,1,y,12,277.78
1,s,2,1,y,13,274.27
1,s,2,1,y,14,270.81
1,s,2,1,y,15,267.36
1,s,2,1,y,16,263.91
1,s,2,1,y,17,260.48
1,s,2,1,y,18,257.05
1,s,2,1,y,19,253.62
1,s,2,1,y,20,250.39
1,s,2,1,y,21,247.16
1,s,2,1,y,22,243.93
1,s,2,1,y,23,240.83
1,s,2,1,y,24,237.72
1,s,2,1,y,25,234.62
1,s,2,1,y,26,231.95
1,s,2,1,y,27,229.27
1,s,2,1,y,28,226.6
1,s,2,1,y,29,224.21
1,s,2,1,y,30,221.82
1,s,2,1,y,31,219.42
1,s,2,1,y,32,217.49
1,s,2,1,y,33,215.55
1,s,2,1,y,34,213.62
1,s,2,1,y,35,211.91
1,s,2,1,y,36,210.21
1,s,2,1,y,37,208.5
1,s,2,1,y,38,206.98
1,s,2,1,y,39,205.46
1,s,2,1,y,40,203.95
1,s,2,1,y,41,202.67
1,s,2,1,y,42,201.4
1,s,2,1,y,43,200.13
1,s,2,1,y,44,199.36
1,s,2,1,y,45,198.6
1,s,2,1,y,46,197.84
1,s,2,1,y,47,197.58
1,s,2,1,y,48,197.32
1,s,2,1,y,49,197.06
1,s,2,1,y,50,197.42
1,s,2,1,y,51,197.79
1,s,2,1,y,52,198.15
1,s,2,1,y,53,198.93
1,s,2,1,y,54,199.71
1,s,2,1,y,55,200.49
1,s,2,1,y,56,201.73
1,s,2,1,y,57,202.96
1,s,2,1,y,58,204.2
1,s,2,1,y,59,205.95
1,s,2,1,y,60,207.71
1,s,2,1,y,61,209.46
1,s,2,1,y,62,211.22
1,s,2,1,y,63,212.97
1,s,2,1,y,64,214.73
1,s,2,1,y,65,216.5
1,s,2,1,y,66,218.27
1,s,2,1,y,67,220.04
1,s,2,1,y,68,221.48
1,s,2,1,y,69,222.92
1,s,2,1,y,70,224.36
1,s,2,1,y,71,225.85
1,s,2,1,y,72,227.35
1,s,2,1,y,73,228.84
1,s,2,1,y,74,230.38
1,s,2,1,y,75,231.92
1,s,2,1,y,76,233.46
1,s,2,1,y,77,234.78
1,s,2,1,y,78,236.11
1,s,2,1,y,79,237.43
1,s,2,1,y,80,238.8
1,s,2,1,y,81,240.17
1,s,2,1,y,82,241.54
1,s,2,1,y,83,243.22
1,s,2,1,y,84,244.9
1,s,2,1,y,85,246.59
1,s,2,1,y,86,248.27
1,s,2,1,y,87,249.96
1,s,2,1,y,88,251.65
1,s,2,1,y,89,253.69
1,s,2,1,y,90,255.74
1,s,2,1,y,91,257.78
1,s,2,1,y,92,259.84
1,s,2,1,y,93,261.89
1,s,2,1,y,94,263.95
1,s,2,1,y,95,266.27
1,s,2,1,y,96,268.59
1,s,2,1,y,97,270.9
1,s,2,1,y,98,273.22
1,s,2,1,y,99,275.54
1,s,2,1,y,100,277.87
1,s,2,2,x,1,195.17
1,s,2,2,x,2,196.62
1,s,2,2,x,3,198.06
1,s,2,2,x,4,199.51
1,s,2,2,x,5,200.9
1,s,2,2,x,6,202.28
1,s,2,2,x,7,203.66
1,s,2,2,x,8,205.06
1,s,2,2,x,9,206.48
1,s,2,2,x,10,207.89
1,s,2,2,x,11,209.37
1,s,2,2,x,12,210.89
1,s,2,2,x,13,212.41
1,s,2,2,x,14,214.05
1,s,2,2,x,15,215.82
1,s,2,2,x,16,217.58
1,s,2,2,x,17,219.45
1,s,2,2,x,18,221.5
1,s,2,2,x,19,223.54
1,s,2,2,x,20,225.61
1,s,2,2,x,21,227.77
1,s,2,2,x,22,229.93
1,s,2,2,x,23,232.14
1,s,2,2,x,24,234.74
1,s,2,2,x,25,237.35
1,s,2,2,x,26,239.95
1,s,2,2,x,27,242.82
1,s,2,2,x,28,245.7
1,s,2,2,x,29,248.58
1,s,2,2,x,30,251.74
1,s,2,2,x,31,254.96
1,s,2,2,x,32,258.17
1,s,2,2,x,33,261.45
1,s,2,2,x,34,264.77
1,s,2,2,x,35,268.08
1,s,2,2,x,36,271.44
1,s,2,2,x,37,274.83
1,s,2,2,x,38,278.22
1,s,2,2,x,39,281.65
1,s,2,2,x,40,285.13
1,s,2,2,x,41,288.61
1,s,2,2,x,42,292.1
1,s,2,2,x,43,295.62
1,s,2,2,x,44,299.13
1,s,2,2,x,45,302.65
1,s,2,2,x,46,306.2
1,s,2,2,x,47,309.74
1,s,2,2,x,48,313.29
1,s,2,2,x,49,316.83
1,s,2,2,x,50,320.38
1,s,2,2,x,51,323.92
1,s,2,2,x,52,327.39
1,s,2,2,x,53,330.86
1,s,2,2,x,54,334.33
1,s,2,2,x,55,337.74
1,s,2,2,x,56,341.15
1,s,2,2,x,57,344.55
1,s,2,2,x,58,348.04
1,s,2,2,x,59,351.56
1,s,2,2,x,60,355.08
1,s,2,2,x,61,358.61
1,s,2,2,x,62,362.07
1,s,2,2,x,63,365.42
1,s,2,2,x,64,368.77
1,s,2,2,x,65,372.13
1,s,2,2,x,66,375.48
1,s,2,2,x,67,378.84
1,s,2,2,x,68,382.24
1,s,2,2,x,69,385.65
1,s,2,2,x,70,389.05
1,s,2,2,x,71,392.45
1,s,2,2,x,72,395.86
1,s,2,2,x,73,399.16
1,s,2,2,x,74,402.3
1,s,2,2,x,75,405.44
1,s,2,2,x,76,408.59
1,s,2,2,x,77,411.73
1,s,2,2,x,78,414.87
1,s,2,2,x,79,418.16
1,s,2,2,x,80,421.46
1,s,2,2,x,81,424.76
1,s,2,2,x,82,428.06
1,s,2,2,x,83,431.36
1,s,2,2,x,84,434.66
1,s,2,2,x,85,437.95
1,s,2,2,x,86,441.25
1,s,2,2,x,87,444.55
1,s,2,2,x,88,447.85
1,s,2,2,x,89,451.15
1,s,2,2,x,90,454.45
1,s,2,2,x,91,457.68
1,s,2,2,x,92,460.9
1,s,2,2,x,93,464.11
1,s,2,2,x,94,467.33
1,s,2,2,x,95,470.54
1,s,2,2,x,96,473.8
1,s,2,2,x,97,477.1
1,s,2,2,x,98,480.4
1,s,2,2,x,99,483.7
1,s,2,2,x,100,487
1,s,2,2,y,1,298.54
1,s,2,2,y,2,295.3
1,s,2,2,y,3,292.05
1,s,2,2,y,4,288.81
1,s,2,2,y,5,285.53
1,s,2,2,y,6,282.26
1,s,2,2,y,7,278.98
1,s,2,2,y,8,275.72
1,s,2,2,y,9,272.46
1,s,2,2,y,10,269.2
1,s,2,2,y,11,265.97
1,s,2,2,y,12,262.76
1,s,2,2,y,13,259.55
1,s,2,2,y,14,256.4
1,s,2,2,y,15,253.31
1,s,2,2,y,16,250.23
1,s,2,2,y,17,247.21
1,s,2,2,y,18,244.3
1,s,2,2,y,19,241.4
1,s,2,2,y,20,238.51
1,s,2,2,y,21,235.69
1,s,2,2,y,22,232.87
1,s,2,2,y,23,230.09
1,s,2,2,y,24,227.67
1,s,2,2,y,25,225.25
1,s,2,2,y,26,222.84
1,s,2,2,y,27,220.75
1,s,2,2,y,28,218.66
1,s,2,2,y,29,216.57
1,s,2,2,y,30,214.98
1,s,2,2,y,31,213.46
1,s,2,2,y,32,211.94
1,s,2,2,y,33,210.59
1,s,2,2,y,34,209.3
1,s,2,2,y,35,208.01
1,s,2,2,y,36,206.86
1,s,2,2,y,37,205.8
1,s,2,2,y,38,204.74
1,s,2,2,y,39,203.84
1,s,2,2,y,40,203.12
1,s,2,2,y,41,202.39
1,s,2,2,y,42,201.74
1,s,2,2,y,43,201.21
1,s,2,2,y,44,200.68
1,s,2,2,y,45,200.22
1,s,2,2,y,46,199.99
1,s,2,2,y,47,199.76
1,s,2,2,y,48,199.57
1,s,2,2,y,49,199.81
1,s,2,2,y,50,200.04
1,s,2,2,y,51,200.28
1,s,2,2,y,52,201.05
1,s,2,2,y,53,201.83
1,s,2,2,y,54,202.62
1,s,2,2,y,55,203.59
1,s,2,2,y,56,204.61
1,s,2,2,y,57,205.62
1,s,2,2,y,58,206.25
1,s,2,2,y,59,206.72
1,s,2,2,y,60,207.2
1,s,2,2,y,61,207.68
1,s,2,2,y,62,208.38
1,s,2,2,y,63,209.56
1,s,2,2,y,64,210.74
1,s,2,2,y,65,211.93
1,s,2,2,y,66,213.11
1,s,2,2,y,67,214.25
1,s,2,2,y,68,215.27
1,s,2,2,y,69,216.29
1,s,2,2,y,70,217.32
1,s,2,2,y,71,218.34
1,s,2,2,y,72,219.36
1,s,2,2,y,73,220.62
1,s,2,2,y,74,222.28
1,s,2,2,y,75,223.94
1,s,2,2,y,76,225.6
1,s,2,2,y,77,227.27
1,s,2,2,y,78,228.93
1,s,2,2,y,79,230.26
1,s,2,2,y,80,231.58
1,s,2,2,y,81,232.9
1,s,2,2,y,82,234.22
1,s,2,2,y,83,235.54
1,s,2,2,y,84,236.86
1,s,2,2,y,85,238.18
1,s,2,2,y,86,239.5
1,s,2,2,y,87,240.82
1,s,2,2,y,88,242.14
1,s,2,2,y,89,243.46
1,s,2,2,y,90,244.78
1,s,2,2,y,91,246.26
1,s,2,2,y,92,247.77
1,s,2,2,y,93,249.29
1,s,2,2,y,94,250.8
1,s,2,2,y,95,252.31
1,s,2,2,y,96,253.72
1,s,2,2,y,97,255.04
1,s,2,2,y,98,256.36
1,s,2,2,y,99,257.68
1,s,2,2,y,100,259
1,s,2,3,x,1,192.92
1,s,2,3,x,2,194.74
1,s,2,3,x,3,196.55
1,s,2,3,x,4,198.37
1,s,2,3,x,5,200.22
1,s,2,3,x,6,202.09
1,s,2,3,x,7,203.96
1,s,2,3,x,8,205.8
1,s,2,3,x,9,207.61
1,s,2,3,x,10,209.41
1,s,2,3,x,11,211.24
1,s,2,3,x,12,213.11
1,s,2,3,x,13,214.97
1,s,2,3,x,14,216.87
1,s,2,3,x,15,219.11
1,s,2,3,x,16,221.34
1,s,2,3,x,17,223.58
1,s,2,3,x,18,225.89
1,s,2,3,x,19,228.22
1,s,2,3,x,20,230.54
1,s,2,3,x,21,232.92
1,s,2,3,x,22,235.33
1,s,2,3,x,23,237.74
1,s,2,3,x,24,240.29
1,s,2,3,x,25,243.09
1,s,2,3,x,26,245.88
1,s,2,3,x,27,248.69
1,s,2,3,x,28,251.54
1,s,2,3,x,29,254.39
1,s,2,3,x,30,257.24
1,s,2,3,x,31,260.32
1,s,2,3,x,32,263.42
1,s,2,3,x,33,266.53
1,s,2,3,x,34,269.81
1,s,2,3,x,35,273.17
1,s,2,3,x,36,276.54
1,s,2,3,x,37,279.95
1,s,2,3,x,38,283.42
1,s,2,3,x,39,286.88
1,s,2,3,x,40,290.37
1,s,2,3,x,41,293.91
1,s,2,3,x,42,297.45
1,s,2,3,x,43,300.99
1,s,2,3,x,44,304.52
1,s,2,3,x,45,308.06
1,s,2,3,x,46,311.6
1,s,2,3,x,47,315.14
1,s,2,3,x,48,318.69
1,s,2,3,x,49,322.24
1,s,2,3,x,50,325.79
1,s,2,3,x,51,329.35
1,s,2,3,x,52,332.91
1,s,2,3,x,53,336.45
1,s,2,3,x,54,339.96
1,s,2,3,x,55,343.46
1,s,2,3,x,56,346.97
1,s,2,3,x,57,350.5
1,s,2,3,x,58,354.03
1,s,2,3,x,59,357.56
1,s,2,3,x,60,361.1
1,s,2,3,x,61,364.64
1,s,2,3,x,62,368.17
1,s,2,3,x,63,371.7
1,s,2,3,x,64,375.22
1,s,2,3,x,65,378.74
1,s,2,3,x,66,382.23
1,s,2,3,x,67,385.66
1,s,2,3,x,68,389.08
1,s,2,3,x,69,392.5
1,s,2,3,x,70,395.89
1,s,2,3,x,71,399.27
1,s,2,3,x,72,402.66
1,s,2,3,x,73,406.02
1,s,2,3,x,74,409.37
1,s,2,3,x,75,412.73
1,s,2,3,x,76,416.11
1,s,2,3,x,77,419.5
1,s,2,3,x,78,422.89
1,s,2,3,x,79,426.28
1,s,2,3,x,80,429.67
1,s,2,3,x,81,433.06
1,s,2,3,x,82,436.45
1,s,2,3,x,83,439.84
1,s,2,3,x,84,443.23
1,s,2,3,x,85,446.61
1,s,2,3,x,86,450.04
1,s,2,3,x,87,453.47
1,s,2,3,x,88,456.9
1,s,2,3,x,89,460.29
1,s,2,3,x,90,463.67
1,s,2,3,x,91,467.04
1,s,2,3,x,92,470.4
1,s,2,3,x,93,473.74
1,s,2,3,x,94,477.08
1,s,2,3,x,95,480.37
1,s,2,3,x,96,483.5
1,s,2,3,x,97,486.62
1,s,2,3,x,98,489.75
1,s,2,3,x,99,492.87
1,s,2,3,x,100,496
1,s,2,3,y,1,297.92
1,s,2,3,y,2,294.86
1,s,2,3,y,3,291.8
1,s,2,3,y,4,288.74
1,s,2,3,y,5,285.7
1,s,2,3,y,6,282.68
1,s,2,3,y,7,279.65
1,s,2,3,y,8,276.6
1,s,2,3,y,9,273.54
1,s,2,3,y,10,270.48
1,s,2,3,y,11,267.42
1,s,2,3,y,12,264.4
1,s,2,3,y,13,261.37
1,s,2,3,y,14,258.36
1,s,2,3,y,15,255.6
1,s,2,3,y,16,252.83
1,s,2,3,y,17,250.06
1,s,2,3,y,18,247.36
1,s,2,3,y,19,244.67
1,s,2,3,y,20,241.98
1,s,2,3,y,21,239.33
1,s,2,3,y,22,236.71
1,s,2,3,y,23,234.1
1,s,2,3,y,24,231.63
1,s,2,3,y,25,229.44
1,s,2,3,y,26,227.24
1,s,2,3,y,27,225.05
1,s,2,3,y,28,222.92
1,s,2,3,y,29,220.79
1,s,2,3,y,30,218.67
1,s,2,3,y,31,216.89
1,s,2,3,y,32,215.16
1,s,2,3,y,33,213.42
1,s,2,3,y,34,212.07
1,s,2,3,y,35,210.92
1,s,2,3,y,36,209.76
1,s,2,3,y,37,208.77
1,s,2,3,y,38,207.99
1,s,2,3,y,39,207.2
1,s,2,3,y,40,206.5
1,s,2,3,y,41,206.15
1,s,2,3,y,42,205.8
1,s,2,3,y,43,205.45
1,s,2,3,y,44,205.07
1,s,2,3,y,45,204.69
1,s,2,3,y,46,204.3
1,s,2,3,y,47,204.02
1,s,2,3,y,48,203.76
1,s,2,3,y,49,203.5
1,s,2,3,y,50,203.38
1,s,2,3,y,51,203.38
1,s,2,3,y,52,203.38
1,s,2,3,y,53,203.54
1,s,2,3,y,54,204.13
1,s,2,3,y,55,204.72
1,s,2,3,y,56,205.31
1,s,2,3,y,57,205.74
1,s,2,3,y,58,206.17
1,s,2,3,y,59,206.61
1,s,2,3,y,60,207
1,s,2,3,y,61,207.38
1,s,2,3,y,62,207.76
1,s,2,3,y,63,208.21
1,s,2,3,y,64,208.71
1,s,2,3,y,65,209.22
1,s,2,3,y,66,209.88
1,s,2,3,y,67,210.84
1,s,2,3,y,68,211.8
1,s,2,3,y,69,212.78
1,s,2,3,y,70,213.87
1,s,2,3,y,71,214.96
1,s,2,3,y,72,216.06
1,s,2,3,y,73,217.22
1,s,2,3,y,74,218.4
1,s,2,3,y,75,219.58
1,s,2,3,y,76,220.69
1,s,2,3,y,77,221.77
1,s,2,3,y,78,222.85
1,s,2,3,y,79,223.93
1,s,2,3,y,80,225
1,s,2,3,y,81,226.07
1,s,2,3,y,82,227.14
1,s,2,3,y,83,228.23
1,s,2,3,y,84,229.32
1,s,2,3,y,85,230.41
1,s,2,3,y,86,231.36
1,s,2,3,y,87,232.3
1,s,2,3,y,88,233.24
1,s,2,3,y,89,234.31
1,s,2,3,y,90,235.44
1,s,2,3,y,91,236.56
1,s,2,3,y,92,237.73
1,s,2,3,y,93,238.95
1,s,2,3,y,94,240.18
1,s,2,3,y,95,241.51
1,s,2,3,y,96,243.21
1,s,2,3,y,97,244.91
1,s,2,3,y,98,246.6
1,s,2,3,y,99,248.3
1,s,2,3,y,100,250
1,s,2,4,x,1,208.44
1,s,2,4,x,2,209.75
1,s,2,4,x,3,211.06
1,s,2,4,x,4,212.37
1,s,2,4,x,5,213.77
1,s,2,4,x,6,215.17
1,s,2,4,x,7,216.57
1,s,2,4,x,8,217.98
1,s,2,4,x,9,219.38
1,s,2,4,x,10,220.78
1,s,2,4,x,11,222.37
1,s,2,4,x,12,224.04
1,s,2,4,x,13,225.7
1,s,2,4,x,14,227.64
1,s,2,4,x,15,229.74
1,s,2,4,x,16,231.85
1,s,2,4,x,17,234.13
1,s,2,4,x,18,236.57
1,s,2,4,x,19,239.01
1,s,2,4,x,20,241.59
1,s,2,4,x,21,244.35
1,s,2,4,x,22,247.1
1,s,2,4,x,23,249.95
1,s,2,4,x,24,252.98
1,s,2,4,x,25,256
1,s,2,4,x,26,259.05
1,s,2,4,x,27,262.17
1,s,2,4,x,28,265.3
1,s,2,4,x,29,268.45
1,s,2,4,x,30,271.78
1,s,2,4,x,31,275.1
1,s,2,4,x,32,278.43
1,s,2,4,x,33,281.78
1,s,2,4,x,34,285.12
1,s,2,4,x,35,288.46
1,s,2,4,x,36,291.85
1,s,2,4,x,37,295.24
1,s,2,4,x,38,298.63
1,s,2,4,x,39,302.08
1,s,2,4,x,40,305.54
1,s,2,4,x,41,308.99
1,s,2,4,x,42,312.46
1,s,2,4,x,43,315.93
1,s,2,4,x,44,319.4
1,s,2,4,x,45,322.87
1,s,2,4,x,46,326.35
1,s,2,4,x,47,329.83
1,s,2,4,x,48,333.3
1,s,2,4,x,49,336.77
1,s,2,4,x,50,340.24
1,s,2,4,x,51,343.69
1,s,2,4,x,52,347.12
1,s,2,4,x,53,350.54
1,s,2,4,x,54,353.97
1,s,2,4,x,55,357.41
1,s,2,4,x,56,360.84
1,s,2,4,x,57,364.28
1,s,2,4,x,58,367.73
1,s,2,4,x,59,371.18
1,s,2,4,x,60,374.63
1,s,2,4,x,61,378.05
1,s,2,4,x,62,381.48
1,s,2,4,x,63,384.89
1,s,2,4,x,64,388.25
1,s,2,4,x,65,391.61
1,s,2,4,x,66,394.97
1,s,2,4,x,67,398.34
1,s,2,4,x,68,401.7
1,s,2,4,x,69,405.07
1,s,2,4,x,70,408.41
1,s,2,4,x,71,411.74
1,s,2,4,x,72,415.07
1,s,2,4,x,73,418.41
1,s,2,4,x,74,421.75
1,s,2,4,x,75,425.09
1,s,2,4,x,76,428.43
1,s,2,4,x,77,431.76
1,s,2,4,x,78,435.09
1,s,2,4,x,79,438.46
1,s,2,4,x,80,441.85
1,s,2,4,x,81,445.24
1,s,2,4,x,82,448.59
1,s,2,4,x,83,451.91
1,s,2,4,x,84,455.23
1,s,2,4,x,85,458.48
1,s,2,4,x,86,461.66
1,s,2,4,x,87,464.84
1,s,2,4,x,88,467.97
1,s,2,4,x,89,471.03
1,s,2,4,x,90,474.09
1,s,2,4,x,91,477.13
1,s,2,4,x,92,480.13
1,s,2,4,x,93,483.13
1,s,2,4,x,94,486.12
1,s,2,4,x,95,489.04
1,s,2,4,x,96,491.96
1,s,2,4,x,97,494.88
1,s,2,4,x,98,497.88
1,s,2,4,x,99,500.88
1,s,2,4,x,100,503.88
1,s,2,4,y,1,286.71
1,s,2,4,y,2,283.49
1,s,2,4,y,3,280.26
1,s,2,4,y,4,277.04
1,s,2,4,y,5,273.86
1,s,2,4,y,6,270.67
1,s,2,4,y,7,267.49
1,s,2,4,y,8,264.3
1,s,2,4,y,9,261.12
1,s,2,4,y,10,257.93
1,s,2,4,y,11,254.84
1,s,2,4,y,12,251.79
1,s,2,4,y,13,248.74
1,s,2,4,y,14,245.86
1,s,2,4,y,15,243.09
1,s,2,4,y,16,240.31
1,s,2,4,y,17,237.7
1,s,2,4,y,18,235.22
1,s,2,4,y,19,232.74
1,s,2,4,y,20,230.42
1,s,2,4,y,21,228.3
1,s,2,4,y,22,226.18
1,s,2,4,y,23,224.19
1,s,2,4,y,24,222.47
1,s,2,4,y,25,220.75
1,s,2,4,y,26,219.07
1,s,2,4,y,27,217.54
1,s,2,4,y,28,216.01
1,s,2,4,y,29,214.56
1,s,2,4,y,30,213.54
1,s,2,4,y,31,212.53
1,s,2,4,y,32,211.51
1,s,2,4,y,33,210.55
1,s,2,4,y,34,209.59
1,s,2,4,y,35,208.63
1,s,2,4,y,36,207.84
1,s,2,4,y,37,207.05
1,s,2,4,y,38,206.26
1,s,2,4,y,39,205.83
1,s,2,4,y,40,205.45
1,s,2,4,y,41,205.07
1,s,2,4,y,42,204.78
1,s,2,4,y,43,204.51
1,s,2,4,y,44,204.24
1,s,2,4,y,45,204.16
1,s,2,4,y,46,204.16
1,s,2,4,y,47,204.16
1,s,2,4,y,48,204.31
1,s,2,4,y,49,204.58
1,s,2,4,y,50,204.84
1,s,2,4,y,51,205.27
1,s,2,4,y,52,205.88
1,s,2,4,y,53,206.48
1,s,2,4,y,54,207.07
1,s,2,4,y,55,207.61
1,s,2,4,y,56,208.16
1,s,2,4,y,57,208.68
1,s,2,4,y,58,209.13
1,s,2,4,y,59,209.58
1,s,2,4,y,60,210.07
1,s,2,4,y,61,210.68
1,s,2,4,y,62,211.29
1,s,2,4,y,63,211.94
1,s,2,4,y,64,212.84
1,s,2,4,y,65,213.75
1,s,2,4,y,66,214.65
1,s,2,4,y,67,215.53
1,s,2,4,y,68,216.4
1,s,2,4,y,69,217.27
1,s,2,4,y,70,218.26
1,s,2,4,y,71,219.26
1,s,2,4,y,72,220.26
1,s,2,4,y,73,221.24
1,s,2,4,y,74,222.21
1,s,2,4,y,75,223.18
1,s,2,4,y,76,224.18
1,s,2,4,y,77,225.18
1,s,2,4,y,78,226.18
1,s,2,4,y,79,227.03
1,s,2,4,y,80,227.8
1,s,2,4,y,81,228.58
1,s,2,4,y,82,229.51
1,s,2,4,y,83,230.55
1,s,2,4,y,84,231.6
1,s,2,4,y,85,232.82
1,s,2,4,y,86,234.24
1,s,2,4,y,87,235.65
1,s,2,4,y,88,237.15
1,s,2,4,y,89,238.81
1,s,2,4,y,90,240.47
1,s,2,4,y,91,242.16
1,s,2,4,y,92,243.92
1,s,2,4,y,93,245.68
1,s,2,4,y,94,247.47
1,s,2,4,y,95,249.36
1,s,2,4,y,96,251.25
1,s,2,4,y,97,253.13
1,s,2,4,y,98,254.89
1,s,2,4,y,99,256.66
1,s,2,4,y,100,258.42
1,s,2,5,x,1,210.94
1,s,2,5,x,2,213.12
1,s,2,5,x,3,215.3
1,s,2,5,x,4,217.47
1,s,2,5,x,5,219.65
1,s,2,5,x,6,221.85
1,s,2,5,x,7,224.05
1,s,2,5,x,8,226.25
1,s,2,5,x,9,228.46
1,s,2,5,x,10,230.68
1,s,2,5,x,11,232.91
1,s,2,5,x,12,235.13
1,s,2,5,x,13,237.46
1,s,2,5,x,14,239.86
1,s,2,5,x,15,242.27
1,s,2,5,x,16,244.67
1,s,2,5,x,17,247.11
1,s,2,5,x,18,249.56
1,s,2,5,x,19,252.02
1,s,2,5,x,20,254.47
1,s,2,5,x,21,257.2
1,s,2,5,x,22,259.94
1,s,2,5,x,23,262.69
1,s,2,5,x,24,265.45
1,s,2,5,x,25,268.34
1,s,2,5,x,26,271.24
1,s,2,5,x,27,274.12
1,s,2,5,x,28,277.04
1,s,2,5,x,29,280
1,s,2,5,x,30,282.95
1,s,2,5,x,31,285.91
1,s,2,5,x,32,288.93
1,s,2,5,x,33,291.99
1,s,2,5,x,34,295.06
1,s,2,5,x,35,298.13
1,s,2,5,x,36,301.26
1,s,2,5,x,37,304.41
1,s,2,5,x,38,307.56
1,s,2,5,x,39,310.71
1,s,2,5,x,40,313.88
1,s,2,5,x,41,317.05
1,s,2,5,x,42,320.21
1,s,2,5,x,43,323.38
1,s,2,5,x,44,326.52
1,s,2,5,x,45,329.66
1,s,2,5,x,46,332.8
1,s,2,5,x,47,335.95
1,s,2,5,x,48,339.08
1,s,2,5,x,49,342.22
1,s,2,5,x,50,345.35
1,s,2,5,x,51,348.49
1,s,2,5,x,52,351.62
1,s,2,5,x,53,354.75
1,s,2,5,x,54,357.88
1,s,2,5,x,55,360.99
1,s,2,5,x,56,364.09
1,s,2,5,x,57,367.2
1,s,2,5,x,58,370.3
1,s,2,5,x,59,373.35
1,s,2,5,x,60,376.4
1,s,2,5,x,61,379.43
1,s,2,5,x,62,382.48
1,s,2,5,x,63,385.54
1,s,2,5,x,64,388.6
1,s,2,5,x,65,391.66
1,s,2,5,x,66,394.72
1,s,2,5,x,67,397.77
1,s,2,5,x,68,400.83
1,s,2,5,x,69,403.88
1,s,2,5,x,70,406.92
1,s,2,5,x,71,409.95
1,s,2,5,x,72,412.98
1,s,2,5,x,73,416
1,s,2,5,x,74,418.98
1,s,2,5,x,75,421.93
1,s,2,5,x,76,424.88
1,s,2,5,x,77,427.83
1,s,2,5,x,78,430.76
1,s,2,5,x,79,433.7
1,s,2,5,x,80,436.63
1,s,2,5,x,81,439.56
1,s,2,5,x,82,442.43
1,s,2,5,x,83,445.3
1,s,2,5,x,84,448.17
1,s,2,5,x,85,451.02
1,s,2,5,x,86,453.78
1,s,2,5,x,87,456.54
1,s,2,5,x,88,459.3
1,s,2,5,x,89,462.07
1,s,2,5,x,90,464.84
1,s,2,5,x,91,467.62
1,s,2,5,x,92,470.39
1,s,2,5,x,93,473.13
1,s,2,5,x,94,475.82
1,s,2,5,x,95,478.51
1,s,2,5,x,96,481.21
1,s,2,5,x,97,483.95
1,s,2,5,x,98,486.7
1,s,2,5,x,99,489.45
1,s,2,5,x,100,492.2
1,s,2,5,y,1,263.5
1,s,2,5,y,2,261.2
1,s,2,5,y,3,258.9
1,s,2,5,y,4,256.61
1,s,2,5,y,5,254.31
1,s,2,5,y,6,252.03
1,s,2,5,y,7,249.75
1,s,2,5,y,8,247.47
1,s,2,5,y,9,245.2
1,s,2,5,y,10,242.95
1,s,2,5,y,11,240.69
1,s,2,5,y,12,238.44
1,s,2,5,y,13,236.29
1,s,2,5,y,14,234.23
1,s,2,5,y,15,232.17
1,s,2,5,y,16,230.12
1,s,2,5,y,17,228.1
1,s,2,5,y,18,226.09
1,s,2,5,y,19,224.09
1,s,2,5,y,20,222.08
1,s,2,5,y,21,220.48
1,s,2,5,y,22,218.9
1,s,2,5,y,23,217.32
1,s,2,5,y,24,215.78
1,s,2,5,y,25,214.49
1,s,2,5,y,26,213.2
1,s,2,5,y,27,211.9
1,s,2,5,y,28,210.67
1,s,2,5,y,29,209.53
1,s,2,5,y,30,208.4
1,s,2,5,y,31,207.26
1,s,2,5,y,32,206.31
1,s,2,5,y,33,205.52
1,s,2,5,y,34,204.73
1,s,2,5,y,35,203.93
1,s,2,5,y,36,203.49
1,s,2,5,y,37,203.17
1,s,2,5,y,38,202.86
1,s,2,5,y,39,202.54
1,s,2,5,y,40,202.52
1,s,2,5,y,41,202.52
1,s,2,5,y,42,202.52
1,s,2,5,y,43,202.56
1,s,2,5,y,44,202.95
1,s,2,5,y,45,203.35
1,s,2,5,y,46,203.74
1,s,2,5,y,47,204.14
1,s,2,5,y,48,204.58
1,s,2,5,y,49,205.02
1,s,2,5,y,50,205.45
1,s,2,5,y,51,205.91
1,s,2,5,y,52,206.4
1,s,2,5,y,53,206.88
1,s,2,5,y,54,207.36
1,s,2,5,y,55,207.94
1,s,2,5,y,56,208.56
1,s,2,5,y,57,209.18
1,s,2,5,y,58,209.8
1,s,2,5,y,59,210.65
1,s,2,5,y,60,211.53
1,s,2,5,y,61,212.42
1,s,2,5,y,62,213.29
1,s,2,5,y,63,214.1
1,s,2,5,y,64,214.92
1,s,2,5,y,65,215.73
1,s,2,5,y,66,216.55
1,s,2,5,y,67,217.39
1,s,2,5,y,68,218.22
1,s,2,5,y,69,219.06
1,s,2,5,y,70,219.94
1,s,2,5,y,71,220.87
1,s,2,5,y,72,221.8
1,s,2,5,y,73,222.73
1,s,2,5,y,74,223.81
1,s,2,5,y,75,224.96
1,s,2,5,y,76,226.12
1,s,2,5,y,77,227.27
1,s,2,5,y,78,228.46
1,s,2,5,y,79,229.65
1,s,2,5,y,80,230.85
1,s,2,5,y,81,232.05
1,s,2,5,y,82,233.38
1,s,2,5,y,83,234.71
1,s,2,5,y,84,236.05
1,s,2,5,y,85,237.43
1,s,2,5,y,86,238.98
1,s,2,5,y,87,240.53
1,s,2,5,y,88,242.09
1,s,2,5,y,89,243.63
1,s,2,5,y,90,245.15
1,s,2,5,y,91,246.67
1,s,2,5,y,92,248.2
1,s,2,5,y,93,249.8
1,s,2,5,y,94,251.47
1,s,2,5,y,95,253.13
1,s,2,5,y,96,254.79
1,s,2,5,y,97,256.38
1,s,2,5,y,98,257.95
1,s,2,5,y,99,259.52
1,s,2,5,y,100,261.09
1,sh,1,1,x,1,185.26
1,sh,1,1,x,2,186.44
1,sh,1,1,x,3,187.61
1,sh,1,1,x,4,188.79
1,sh,1,1,x,5,190.08
1,sh,1,1,x,6,191.37
1,sh,1,1,x,7,192.66
1,sh,1,1,x,8,193.88
1,sh,1,1,x,9,195.1
1,sh,1,1,x,10,196.33
1,sh,1,1,x,11,197.58
1,sh,1,1,x,12,198.83
1,sh,1,1,x,13,200.07
1,sh,1,1,x,14,201.6
1,sh,1,1,x,15,203.13
1,sh,1,1,x,16,204.66
1,sh,1,1,x,17,206.34
1,sh,1,1,x,18,208.03
1,sh,1,1,x,19,209.71
1,sh,1,1,x,20,211.83
1,sh,1,1,x,21,213.96
1,sh,1,1,x,22,216.08
1,sh,1,1,x,23,218.59
1,sh,1,1,x,24,221.1
1,sh,1,1,x,25,223.61
1,sh,1,1,x,26,226.54
1,sh,1,1,x,27,229.47
1,sh,1,1,x,28,232.4
1,sh,1,1,x,29,235.7
1,sh,1,1,x,30,239
1,sh,1,1,x,31,242.3
1,sh,1,1,x,32,245.77
1,sh,1,1,x,33,249.24
1,sh,1,1,x,34,252.72
1,sh,1,1,x,35,256.31
1,sh,1,1,x,36,259.9
1,sh,1,1,x,37,263.49
1,sh,1,1,x,38,267.1
1,sh,1,1,x,39,270.71
1,sh,1,1,x,40,274.33
1,sh,1,1,x,41,277.94
1,sh,1,1,x,42,281.54
1,sh,1,1,x,43,285.15
1,sh,1,1,x,44,288.87
1,sh,1,1,x,45,292.59
1,sh,1,1,x,46,296.31
1,sh,1,1,x,47,300.07
1,sh,1,1,x,48,303.83
1,sh,1,1,x,49,307.59
1,sh,1,1,x,50,311.28
1,sh,1,1,x,51,314.97
1,sh,1,1,x,52,318.67
1,sh,1,1,x,53,322.36
1,sh,1,1,x,54,326.05
1,sh,1,1,x,55,329.74
1,sh,1,1,x,56,333.41
1,sh,1,1,x,57,337.07
1,sh,1,1,x,58,340.73
1,sh,1,1,x,59,344.25
1,sh,1,1,x,60,347.77
1,sh,1,1,x,61,351.29
1,sh,1,1,x,62,354.56
1,sh,1,1,x,63,357.83
1,sh,1,1,x,64,361.09
1,sh,1,1,x,65,364.35
1,sh,1,1,x,66,367.6
1,sh,1,1,x,67,370.86
1,sh,1,1,x,68,374.25
1,sh,1,1,x,69,377.64
1,sh,1,1,x,70,381.03
1,sh,1,1,x,71,384.43
1,sh,1,1,x,72,387.84
1,sh,1,1,x,73,391.24
1,sh,1,1,x,74,394.65
1,sh,1,1,x,75,398.06
1,sh,1,1,x,76,401.47
1,sh,1,1,x,77,404.91
1,sh,1,1,x,78,408.35
1,sh,1,1,x,79,411.79
1,sh,1,1,x,80,415.25
1,sh,1,1,x,81,418.71
1,sh,1,1,x,82,422.17
1,sh,1,1,x,83,425.59
1,sh,1,1,x,84,429.02
1,sh,1,1,x,85,432.44
1,sh,1,1,x,86,435.89
1,sh,1,1,x,87,439.34
1,sh,1,1,x,88,442.79
1,sh,1,1,x,89,446.17
1,sh,1,1,x,90,449.55
1,sh,1,1,x,91,452.93
1,sh,1,1,x,92,456.12
1,sh,1,1,x,93,459.31
1,sh,1,1,x,94,462.51
1,sh,1,1,x,95,465.58
1,sh,1,1,x,96,468.66
1,sh,1,1,x,97,471.73
1,sh,1,1,x,98,474.77
1,sh,1,1,x,99,477.8
1,sh,1,1,x,100,480.84
1,sh,1,1,y,1,308.66
1,sh,1,1,y,2,305.09
1,sh,1,1,y,3,301.52
1,sh,1,1,y,4,297.95
1,sh,1,1,y,5,294.42
1,sh,1,1,y,6,290.89
1,sh,1,1,y,7,287.36
1,sh,1,1,y,8,283.81
1,sh,1,1,y,9,280.25
1,sh,1,1,y,10,276.7
1,sh,1,1,y,11,273.16
1,sh,1,1,y,12,269.61
1,sh,1,1,y,13,266.07
1,sh,1,1,y,14,262.63
1,sh,1,1,y,15,259.2
1,sh,1,1,y,16,255.77
1,sh,1,1,y,17,252.41
1,sh,1,1,y,18,249.05
1,sh,1,1,y,19,245.69
1,sh,1,1,y,20,242.59
1,sh,1,1,y,21,239.49
1,sh,1,1,y,22,236.38
1,sh,1,1,y,23,233.59
1,sh,1,1,y,24,230.79
1,sh,1,1,y,25,227.99
1,sh,1,1,y,26,225.64
1,sh,1,1,y,27,223.28
1,sh,1,1,y,28,220.93
1,sh,1,1,y,29,219.13
1,sh,1,1,y,30,217.33
1,sh,1,1,y,31,215.53
1,sh,1,1,y,32,214.09
1,sh,1,1,y,33,212.66
1,sh,1,1,y,34,211.22
1,sh,1,1,y,35,210.11
1,sh,1,1,y,36,209
1,sh,1,1,y,37,207.89
1,sh,1,1,y,38,206.86
1,sh,1,1,y,39,205.82
1,sh,1,1,y,40,204.79
1,sh,1,1,y,41,203.74
1,sh,1,1,y,42,202.68
1,sh,1,1,y,43,201.63
1,sh,1,1,y,44,201.1
1,sh,1,1,y,45,200.58
1,sh,1,1,y,46,200.05
1,sh,1,1,y,47,200.12
1,sh,1,1,y,48,200.19
1,sh,1,1,y,49,200.27
1,sh,1,1,y,50,200.96
1,sh,1,1,y,51,201.66
1,sh,1,1,y,52,202.36
1,sh,1,1,y,53,203.06
1,sh,1,1,y,54,203.75
1,sh,1,1,y,55,204.45
1,sh,1,1,y,56,205.29
1,sh,1,1,y,57,206.13
1,sh,1,1,y,58,206.97
1,sh,1,1,y,59,208.29
1,sh,1,1,y,60,209.61
1,sh,1,1,y,61,210.93
1,sh,1,1,y,62,212.78
1,sh,1,1,y,63,214.64
1,sh,1,1,y,64,216.5
1,sh,1,1,y,65,218.38
1,sh,1,1,y,66,220.26
1,sh,1,1,y,67,222.14
1,sh,1,1,y,68,223.76
1,sh,1,1,y,69,225.38
1,sh,1,1,y,70,227
1,sh,1,1,y,71,228.59
1,sh,1,1,y,72,230.18
1,sh,1,1,y,73,231.77
1,sh,1,1,y,74,233.35
1,sh,1,1,y,75,234.93
1,sh,1,1,y,76,236.51
1,sh,1,1,y,77,238.02
1,sh,1,1,y,78,239.54
1,sh,1,1,y,79,241.05
1,sh,1,1,y,80,242.53
1,sh,1,1,y,81,244
1,sh,1,1,y,82,245.47
1,sh,1,1,y,83,247.02
1,sh,1,1,y,84,248.56
1,sh,1,1,y,85,250.11
1,sh,1,1,y,86,251.6
1,sh,1,1,y,87,253.1
1,sh,1,1,y,88,254.59
1,sh,1,1,y,89,256.23
1,sh,1,1,y,90,257.88
1,sh,1,1,y,91,259.52
1,sh,1,1,y,92,261.5
1,sh,1,1,y,93,263.49
1,sh,1,1,y,94,265.47
1,sh,1,1,y,95,267.63
1,sh,1,1,y,96,269.79
1,sh,1,1,y,97,271.94
1,sh,1,1,y,98,274.16
1,sh,1,1,y,99,276.38
1,sh,1,1,y,100,278.6
1,sh,1,2,x,1,191.87
1,sh,1,2,x,2,192.91
1,sh,1,2,x,3,193.94
1,sh,1,2,x,4,194.97
1,sh,1,2,x,5,195.95
1,sh,1,2,x,6,196.92
1,sh,1,2,x,7,197.9
1,sh,1,2,x,8,199.03
1,sh,1,2,x,9,200.16
1,sh,1,2,x,10,201.31
1,sh,1,2,x,11,202.71
1,sh,1,2,x,12,204.11
1,sh,1,2,x,13,205.53
1,sh,1,2,x,14,207.24
1,sh,1,2,x,15,208.96
1,sh,1,2,x,16,210.71
1,sh,1,2,x,17,212.77
1,sh,1,2,x,18,214.83
1,sh,1,2,x,19,216.93
1,sh,1,2,x,20,219.33
1,sh,1,2,x,21,221.73
1,sh,1,2,x,22,224.14
1,sh,1,2,x,23,226.65
1,sh,1,2,x,24,229.16
1,sh,1,2,x,25,231.71
1,sh,1,2,x,26,234.53
1,sh,1,2,x,27,237.35
1,sh,1,2,x,28,240.21
1,sh,1,2,x,29,243.3
1,sh,1,2,x,30,246.4
1,sh,1,2,x,31,249.5
1,sh,1,2,x,32,252.71
1,sh,1,2,x,33,255.91
1,sh,1,2,x,34,259.14
1,sh,1,2,x,35,262.51
1,sh,1,2,x,36,265.88
1,sh,1,2,x,37,269.27
1,sh,1,2,x,38,272.74
1,sh,1,2,x,39,276.22
1,sh,1,2,x,40,279.7
1,sh,1,2,x,41,283.21
1,sh,1,2,x,42,286.73
1,sh,1,2,x,43,290.25
1,sh,1,2,x,44,293.78
1,sh,1,2,x,45,297.32
1,sh,1,2,x,46,300.86
1,sh,1,2,x,47,304.41
1,sh,1,2,x,48,307.96
1,sh,1,2,x,49,311.5
1,sh,1,2,x,50,315.04
1,sh,1,2,x,51,318.57
1,sh,1,2,x,52,322.09
1,sh,1,2,x,53,325.59
1,sh,1,2,x,54,329.08
1,sh,1,2,x,55,332.56
1,sh,1,2,x,56,335.99
1,sh,1,2,x,57,339.42
1,sh,1,2,x,58,342.85
1,sh,1,2,x,59,346.25
1,sh,1,2,x,60,349.65
1,sh,1,2,x,61,353.03
1,sh,1,2,x,62,356.37
1,sh,1,2,x,63,359.71
1,sh,1,2,x,64,363.05
1,sh,1,2,x,65,366.41
1,sh,1,2,x,66,369.77
1,sh,1,2,x,67,373.13
1,sh,1,2,x,68,376.49
1,sh,1,2,x,69,379.85
1,sh,1,2,x,70,383.19
1,sh,1,2,x,71,386.51
1,sh,1,2,x,72,389.83
1,sh,1,2,x,73,393.15
1,sh,1,2,x,74,396.48
1,sh,1,2,x,75,399.8
1,sh,1,2,x,76,403.07
1,sh,1,2,x,77,406.24
1,sh,1,2,x,78,409.4
1,sh,1,2,x,79,412.55
1,sh,1,2,x,80,415.66
1,sh,1,2,x,81,418.77
1,sh,1,2,x,82,421.96
1,sh,1,2,x,83,425.26
1,sh,1,2,x,84,428.55
1,sh,1,2,x,85,431.85
1,sh,1,2,x,86,435.12
1,sh,1,2,x,87,438.39
1,sh,1,2,x,88,441.66
1,sh,1,2,x,89,444.93
1,sh,1,2,x,90,448.2
1,sh,1,2,x,91,451.43
1,sh,1,2,x,92,454.38
1,sh,1,2,x,93,457.33
1,sh,1,2,x,94,460.29
1,sh,1,2,x,95,463.24
1,sh,1,2,x,96,466.19
1,sh,1,2,x,97,469.14
1,sh,1,2,x,98,472.1
1,sh,1,2,x,99,475.05
1,sh,1,2,x,100,478
1,sh,1,2,y,1,299.22
1,sh,1,2,y,2,295.83
1,sh,1,2,y,3,292.44
1,sh,1,2,y,4,289.04
1,sh,1,2,y,5,285.63
1,sh,1,2,y,6,282.22
1,sh,1,2,y,7,278.8
1,sh,1,2,y,8,275.44
1,sh,1,2,y,9,272.08
1,sh,1,2,y,10,268.72
1,sh,1,2,y,11,265.46
1,sh,1,2,y,12,262.2
1,sh,1,2,y,13,258.95
1,sh,1,2,y,14,255.84
1,sh,1,2,y,15,252.74
1,sh,1,2,y,16,249.65
1,sh,1,2,y,17,246.77
1,sh,1,2,y,18,243.88
1,sh,1,2,y,19,241.02
1,sh,1,2,y,20,238.4
1,sh,1,2,y,21,235.79
1,sh,1,2,y,22,233.19
1,sh,1,2,y,23,230.68
1,sh,1,2,y,24,228.17
1,sh,1,2,y,25,225.71
1,sh,1,2,y,26,223.56
1,sh,1,2,y,27,221.41
1,sh,1,2,y,28,219.31
1,sh,1,2,y,29,217.57
1,sh,1,2,y,30,215.83
1,sh,1,2,y,31,214.12
1,sh,1,2,y,32,212.59
1,sh,1,2,y,33,211.07
1,sh,1,2,y,34,209.61
1,sh,1,2,y,35,208.5
1,sh,1,2,y,36,207.38
1,sh,1,2,y,37,206.34
1,sh,1,2,y,38,205.62
1,sh,1,2,y,39,204.9
1,sh,1,2,y,40,204.23
1,sh,1,2,y,41,203.73
1,sh,1,2,y,42,203.22
1,sh,1,2,y,43,202.77
1,sh,1,2,y,44,202.51
1,sh,1,2,y,45,202.24
1,sh,1,2,y,46,202.05
1,sh,1,2,y,47,202.12
1,sh,1,2,y,48,202.18
1,sh,1,2,y,49,202.31
1,sh,1,2,y,50,202.63
1,sh,1,2,y,51,202.96
1,sh,1,2,y,52,203.36
1,sh,1,2,y,53,203.98
1,sh,1,2,y,54,204.6
1,sh,1,2,y,55,205.3
1,sh,1,2,y,56,206.19
1,sh,1,2,y,57,207.09
1,sh,1,2,y,58,208.02
1,sh,1,2,y,59,209.03
1,sh,1,2,y,60,210.03
1,sh,1,2,y,61,211.1
1,sh,1,2,y,62,212.31
1,sh,1,2,y,63,213.52
1,sh,1,2,y,64,214.7
1,sh,1,2,y,65,215.84
1,sh,1,2,y,66,216.98
1,sh,1,2,y,67,218.12
1,sh,1,2,y,68,219.27
1,sh,1,2,y,69,220.42
1,sh,1,2,y,70,221.6
1,sh,1,2,y,71,222.86
1,sh,1,2,y,72,224.12
1,sh,1,2,y,73,225.37
1,sh,1,2,y,74,226.6
1,sh,1,2,y,75,227.84
1,sh,1,2,y,76,229.21
1,sh,1,2,y,77,230.81
1,sh,1,2,y,78,232.41
1,sh,1,2,y,79,234.05
1,sh,1,2,y,80,235.76
1,sh,1,2,y,81,237.46
1,sh,1,2,y,82,239.01
1,sh,1,2,y,83,240.32
1,sh,1,2,y,84,241.63
1,sh,1,2,y,85,242.94
1,sh,1,2,y,86,244.31
1,sh,1,2,y,87,245.69
1,sh,1,2,y,88,247.07
1,sh,1,2,y,89,248.45
1,sh,1,2,y,90,249.82
1,sh,1,2,y,91,251.29
1,sh,1,2,y,92,253.25
1,sh,1,2,y,93,255.22
1,sh,1,2,y,94,257.19
1,sh,1,2,y,95,259.16
1,sh,1,2,y,96,261.13
1,sh,1,2,y,97,263.1
1,sh,1,2,y,98,265.06
1,sh,1,2,y,99,267.03
1,sh,1,2,y,100,269
1,sh,1,3,x,1,196.81
1,sh,1,3,x,2,198
1,sh,1,3,x,3,199.19
1,sh,1,3,x,4,200.39
1,sh,1,3,x,5,201.58
1,sh,1,3,x,6,202.77
1,sh,1,3,x,7,203.96
1,sh,1,3,x,8,205.14
1,sh,1,3,x,9,206.32
1,sh,1,3,x,10,207.5
1,sh,1,3,x,11,208.87
1,sh,1,3,x,12,210.32
1,sh,1,3,x,13,211.77
1,sh,1,3,x,14,213.41
1,sh,1,3,x,15,215.17
1,sh,1,3,x,16,216.93
1,sh,1,3,x,17,218.93
1,sh,1,3,x,18,221.14
1,sh,1,3,x,19,223.36
1,sh,1,3,x,20,225.65
1,sh,1,3,x,21,228.03
1,sh,1,3,x,22,230.41
1,sh,1,3,x,23,232.91
1,sh,1,3,x,24,235.63
1,sh,1,3,x,25,238.35
1,sh,1,3,x,26,241.12
1,sh,1,3,x,27,244.02
1,sh,1,3,x,28,246.93
1,sh,1,3,x,29,249.86
1,sh,1,3,x,30,252.94
1,sh,1,3,x,31,256.02
1,sh,1,3,x,32,259.1
1,sh,1,3,x,33,262.27
1,sh,1,3,x,34,265.44
1,sh,1,3,x,35,268.62
1,sh,1,3,x,36,271.88
1,sh,1,3,x,37,275.14
1,sh,1,3,x,38,278.41
1,sh,1,3,x,39,281.75
1,sh,1,3,x,40,285.1
1,sh,1,3,x,41,288.46
1,sh,1,3,x,42,291.84
1,sh,1,3,x,43,295.23
1,sh,1,3,x,44,298.61
1,sh,1,3,x,45,302
1,sh,1,3,x,46,305.39
1,sh,1,3,x,47,308.77
1,sh,1,3,x,48,312.16
1,sh,1,3,x,49,315.56
1,sh,1,3,x,50,318.95
1,sh,1,3,x,51,322.34
1,sh,1,3,x,52,325.71
1,sh,1,3,x,53,329.09
1,sh,1,3,x,54,332.45
1,sh,1,3,x,55,335.78
1,sh,1,3,x,56,339.11
1,sh,1,3,x,57,342.44
1,sh,1,3,x,58,345.77
1,sh,1,3,x,59,349.1
1,sh,1,3,x,60,352.41
1,sh,1,3,x,61,355.66
1,sh,1,3,x,62,358.9
1,sh,1,3,x,63,362.14
1,sh,1,3,x,64,365.26
1,sh,1,3,x,65,368.38
1,sh,1,3,x,66,371.5
1,sh,1,3,x,67,374.63
1,sh,1,3,x,68,377.76
1,sh,1,3,x,69,380.89
1,sh,1,3,x,70,384.07
1,sh,1,3,x,71,387.24
1,sh,1,3,x,72,390.42
1,sh,1,3,x,73,393.68
1,sh,1,3,x,74,396.95
1,sh,1,3,x,75,400.22
1,sh,1,3,x,76,403.54
1,sh,1,3,x,77,406.88
1,sh,1,3,x,78,410.22
1,sh,1,3,x,79,413.58
1,sh,1,3,x,80,416.95
1,sh,1,3,x,81,420.32
1,sh,1,3,x,82,423.7
1,sh,1,3,x,83,427.08
1,sh,1,3,x,84,430.46
1,sh,1,3,x,85,433.84
1,sh,1,3,x,86,437.21
1,sh,1,3,x,87,440.58
1,sh,1,3,x,88,443.91
1,sh,1,3,x,89,447.17
1,sh,1,3,x,90,450.43
1,sh,1,3,x,91,453.64
1,sh,1,3,x,92,456.74
1,sh,1,3,x,93,459.84
1,sh,1,3,x,94,462.94
1,sh,1,3,x,95,466.05
1,sh,1,3,x,96,469.16
1,sh,1,3,x,97,472.27
1,sh,1,3,x,98,475.42
1,sh,1,3,x,99,478.56
1,sh,1,3,x,100,481.71
1,sh,1,3,y,1,293.44
1,sh,1,3,y,2,290.26
1,sh,1,3,y,3,287.08
1,sh,1,3,y,4,283.91
1,sh,1,3,y,5,280.73
1,sh,1,3,y,6,277.55
1,sh,1,3,y,7,274.37
1,sh,1,3,y,8,271.19
1,sh,1,3,y,9,268.01
1,sh,1,3,y,10,264.82
1,sh,1,3,y,11,261.72
1,sh,1,3,y,12,258.65
1,sh,1,3,y,13,255.58
1,sh,1,3,y,14,252.61
1,sh,1,3,y,15,249.71
1,sh,1,3,y,16,246.81
1,sh,1,3,y,17,244.08
1,sh,1,3,y,18,241.51
1,sh,1,3,y,19,238.93
1,sh,1,3,y,20,236.43
1,sh,1,3,y,21,234.01
1,sh,1,3,y,22,231.59
1,sh,1,3,y,23,229.31
1,sh,1,3,y,24,227.28
1,sh,1,3,y,25,225.25
1,sh,1,3,y,26,223.28
1,sh,1,3,y,27,221.53
1,sh,1,3,y,28,219.78
1,sh,1,3,y,29,218.07
1,sh,1,3,y,30,216.64
1,sh,1,3,y,31,215.21
1,sh,1,3,y,32,213.79
1,sh,1,3,y,33,212.58
1,sh,1,3,y,34,211.37
1,sh,1,3,y,35,210.16
1,sh,1,3,y,36,209.23
1,sh,1,3,y,37,208.3
1,sh,1,3,y,38,207.37
1,sh,1,3,y,39,206.79
1,sh,1,3,y,40,206.25
1,sh,1,3,y,41,205.72
1,sh,1,3,y,42,205.45
1,sh,1,3,y,43,205.25
1,sh,1,3,y,44,205.05
1,sh,1,3,y,45,204.82
1,sh,1,3,y,46,204.56
1,sh,1,3,y,47,204.31
1,sh,1,3,y,48,204.23
1,sh,1,3,y,49,204.28
1,sh,1,3,y,50,204.32
1,sh,1,3,y,51,204.51
1,sh,1,3,y,52,204.84
1,sh,1,3,y,53,205.17
1,sh,1,3,y,54,205.64
1,sh,1,3,y,55,206.29
1,sh,1,3,y,56,206.94
1,sh,1,3,y,57,207.6
1,sh,1,3,y,58,208.27
1,sh,1,3,y,59,208.93
1,sh,1,3,y,60,209.67
1,sh,1,3,y,61,210.66
1,sh,1,3,y,62,211.65
1,sh,1,3,y,63,212.69
1,sh,1,3,y,64,214.02
1,sh,1,3,y,65,215.35
1,sh,1,3,y,66,216.69
1,sh,1,3,y,67,218
1,sh,1,3,y,68,219.31
1,sh,1,3,y,69,220.63
1,sh,1,3,y,70,221.83
1,sh,1,3,y,71,223.02
1,sh,1,3,y,72,224.21
1,sh,1,3,y,73,225.17
1,sh,1,3,y,74,226.08
1,sh,1,3,y,75,226.99
1,sh,1,3,y,76,227.68
1,sh,1,3,y,77,228.28
1,sh,1,3,y,78,228.89
1,sh,1,3,y,79,229.36
1,sh,1,3,y,80,229.76
1,sh,1,3,y,81,230.16
1,sh,1,3,y,82,230.5
1,sh,1,3,y,83,230.78
1,sh,1,3,y,84,231.07
1,sh,1,3,y,85,231.41
1,sh,1,3,y,86,231.81
1,sh,1,3,y,87,232.21
1,sh,1,3,y,88,232.82
1,sh,1,3,y,89,233.77
1,sh,1,3,y,90,234.73
1,sh,1,3,y,91,235.8
1,sh,1,3,y,92,237.18
1,sh,1,3,y,93,238.57
1,sh,1,3,y,94,239.95
1,sh,1,3,y,95,241.31
1,sh,1,3,y,96,242.68
1,sh,1,3,y,97,244.04
1,sh,1,3,y,98,245.3
1,sh,1,3,y,99,246.57
1,sh,1,3,y,100,247.84
1,sh,1,4,x,1,200
1,sh,1,4,x,2,200.94
1,sh,1,4,x,3,201.89
1,sh,1,4,x,4,202.83
1,sh,1,4,x,5,203.78
1,sh,1,4,x,6,204.72
1,sh,1,4,x,7,205.85
1,sh,1,4,x,8,207.06
1,sh,1,4,x,9,208.26
1,sh,1,4,x,10,209.46
1,sh,1,4,x,11,211.09
1,sh,1,4,x,12,212.99
1,sh,1,4,x,13,214.91
1,sh,1,4,x,14,216.83
1,sh,1,4,x,15,218.87
1,sh,1,4,x,16,220.93
1,sh,1,4,x,17,222.99
1,sh,1,4,x,18,225.54
1,sh,1,4,x,19,228.38
1,sh,1,4,x,20,231.25
1,sh,1,4,x,21,234.11
1,sh,1,4,x,22,236.86
1,sh,1,4,x,23,239.61
1,sh,1,4,x,24,242.35
1,sh,1,4,x,25,245.18
1,sh,1,4,x,26,248.1
1,sh,1,4,x,27,251.02
1,sh,1,4,x,28,254.05
1,sh,1,4,x,29,257.18
1,sh,1,4,x,30,260.33
1,sh,1,4,x,31,263.47
1,sh,1,4,x,32,266.54
1,sh,1,4,x,33,269.59
1,sh,1,4,x,34,272.64
1,sh,1,4,x,35,275.75
1,sh,1,4,x,36,278.94
1,sh,1,4,x,37,282.15
1,sh,1,4,x,38,285.35
1,sh,1,4,x,39,288.55
1,sh,1,4,x,40,291.76
1,sh,1,4,x,41,294.95
1,sh,1,4,x,42,298.19
1,sh,1,4,x,43,301.47
1,sh,1,4,x,44,304.77
1,sh,1,4,x,45,308.08
1,sh,1,4,x,46,311.4
1,sh,1,4,x,47,314.74
1,sh,1,4,x,48,318.08
1,sh,1,4,x,49,321.41
1,sh,1,4,x,50,324.76
1,sh,1,4,x,51,328.11
1,sh,1,4,x,52,331.46
1,sh,1,4,x,53,334.8
1,sh,1,4,x,54,338.15
1,sh,1,4,x,55,341.5
1,sh,1,4,x,56,344.85
1,sh,1,4,x,57,348.19
1,sh,1,4,x,58,351.53
1,sh,1,4,x,59,354.86
1,sh,1,4,x,60,358.17
1,sh,1,4,x,61,361.45
1,sh,1,4,x,62,364.73
1,sh,1,4,x,63,368
1,sh,1,4,x,64,371.25
1,sh,1,4,x,65,374.45
1,sh,1,4,x,66,377.62
1,sh,1,4,x,67,380.8
1,sh,1,4,x,68,383.96
1,sh,1,4,x,69,387.09
1,sh,1,4,x,70,390.21
1,sh,1,4,x,71,393.34
1,sh,1,4,x,72,396.49
1,sh,1,4,x,73,399.68
1,sh,1,4,x,74,402.89
1,sh,1,4,x,75,406.06
1,sh,1,4,x,76,409.1
1,sh,1,4,x,77,412.1
1,sh,1,4,x,78,415.06
1,sh,1,4,x,79,417.99
1,sh,1,4,x,80,421.01
1,sh,1,4,x,81,424.03
1,sh,1,4,x,82,427.05
1,sh,1,4,x,83,430.06
1,sh,1,4,x,84,433.05
1,sh,1,4,x,85,436.05
1,sh,1,4,x,86,439.04
1,sh,1,4,x,87,442.1
1,sh,1,4,x,88,445.2
1,sh,1,4,x,89,448.29
1,sh,1,4,x,90,451.38
1,sh,1,4,x,91,454.35
1,sh,1,4,x,92,457.29
1,sh,1,4,x,93,460.23
1,sh,1,4,x,94,463.16
1,sh,1,4,x,95,466.05
1,sh,1,4,x,96,468.94
1,sh,1,4,x,97,471.83
1,sh,1,4,x,98,474.68
1,sh,1,4,x,99,477.34
1,sh,1,4,x,100,480
1,sh,1,4,y,1,288
1,sh,1,4,y,2,284.79
1,sh,1,4,y,3,281.58
1,sh,1,4,y,4,278.36
1,sh,1,4,y,5,275.15
1,sh,1,4,y,6,271.94
1,sh,1,4,y,7,268.79
1,sh,1,4,y,8,265.66
1,sh,1,4,y,9,262.54
1,sh,1,4,y,10,259.41
1,sh,1,4,y,11,256.49
1,sh,1,4,y,12,253.73
1,sh,1,4,y,13,250.99
1,sh,1,4,y,14,248.24
1,sh,1,4,y,15,245.59
1,sh,1,4,y,16,242.95
1,sh,1,4,y,17,240.31
1,sh,1,4,y,18,238.15
1,sh,1,4,y,19,236.38
1,sh,1,4,y,20,234.65
1,sh,1,4,y,21,232.9
1,sh,1,4,y,22,231
1,sh,1,4,y,23,229.08
1,sh,1,4,y,24,227.16
1,sh,1,4,y,25,225.38
1,sh,1,4,y,26,223.73
1,sh,1,4,y,27,222.1
1,sh,1,4,y,28,220.67
1,sh,1,4,y,29,219.48
1,sh,1,4,y,30,218.34
1,sh,1,4,y,31,217.17
1,sh,1,4,y,32,215.84
1,sh,1,4,y,33,214.46
1,sh,1,4,y,34,213.08
1,sh,1,4,y,35,211.85
1,sh,1,4,y,36,210.82
1,sh,1,4,y,37,209.86
1,sh,1,4,y,38,208.89
1,sh,1,4,y,39,207.91
1,sh,1,4,y,40,206.93
1,sh,1,4,y,41,205.94
1,sh,1,4,y,42,205.07
1,sh,1,4,y,43,204.42
1,sh,1,4,y,44,203.87
1,sh,1,4,y,45,203.32
1,sh,1,4,y,46,202.92
1,sh,1,4,y,47,202.64
1,sh,1,4,y,48,202.38
1,sh,1,4,y,49,202.12
1,sh,1,4,y,50,202
1,sh,1,4,y,51,202
1,sh,1,4,y,52,202
1,sh,1,4,y,53,202
1,sh,1,4,y,54,202
1,sh,1,4,y,55,202
1,sh,1,4,y,56,202
1,sh,1,4,y,57,202.14
1,sh,1,4,y,58,202.45
1,sh,1,4,y,59,202.79
1,sh,1,4,y,60,203.27
1,sh,1,4,y,61,203.95
1,sh,1,4,y,62,204.65
1,sh,1,4,y,63,205.36
1,sh,1,4,y,64,206.16
1,sh,1,4,y,65,207.15
1,sh,1,4,y,66,208.21
1,sh,1,4,y,67,209.26
1,sh,1,4,y,68,210.38
1,sh,1,4,y,69,211.57
1,sh,1,4,y,70,212.77
1,sh,1,4,y,71,213.97
1,sh,1,4,y,72,215.11
1,sh,1,4,y,73,216.11
1,sh,1,4,y,74,217.07
1,sh,1,4,y,75,218.15
1,sh,1,4,y,76,219.55
1,sh,1,4,y,77,221.04
1,sh,1,4,y,78,222.6
1,sh,1,4,y,79,224.22
1,sh,1,4,y,80,225.66
1,sh,1,4,y,81,227.11
1,sh,1,4,y,82,228.55
1,sh,1,4,y,83,230.03
1,sh,1,4,y,84,231.53
1,sh,1,4,y,85,233.02
1,sh,1,4,y,86,234.52
1,sh,1,4,y,87,235.88
1,sh,1,4,y,88,237.16
1,sh,1,4,y,89,238.45
1,sh,1,4,y,90,239.74
1,sh,1,4,y,91,241.28
1,sh,1,4,y,92,242.88
1,sh,1,4,y,93,244.49
1,sh,1,4,y,94,246.1
1,sh,1,4,y,95,247.79
1,sh,1,4,y,96,249.48
1,sh,1,4,y,97,251.18
1,sh,1,4,y,98,252.93
1,sh,1,4,y,99,254.97
1,sh,1,4,y,100,257
1,sh,1,5,x,1,202.81
1,sh,1,5,x,2,203.96
1,sh,1,5,x,3,205.11
1,sh,1,5,x,4,206.26
1,sh,1,5,x,5,207.46
1,sh,1,5,x,6,208.67
1,sh,1,5,x,7,209.87
1,sh,1,5,x,8,211.09
1,sh,1,5,x,9,212.31
1,sh,1,5,x,10,213.56
1,sh,1,5,x,11,214.99
1,sh,1,5,x,12,216.43
1,sh,1,5,x,13,217.87
1,sh,1,5,x,14,219.49
1,sh,1,5,x,15,221.1
1,sh,1,5,x,16,222.74
1,sh,1,5,x,17,224.54
1,sh,1,5,x,18,226.35
1,sh,1,5,x,19,228.22
1,sh,1,5,x,20,230.47
1,sh,1,5,x,21,232.72
1,sh,1,5,x,22,235.08
1,sh,1,5,x,23,237.82
1,sh,1,5,x,24,240.56
1,sh,1,5,x,25,243.35
1,sh,1,5,x,26,246.32
1,sh,1,5,x,27,249.28
1,sh,1,5,x,28,252.31
1,sh,1,5,x,29,255.46
1,sh,1,5,x,30,258.62
1,sh,1,5,x,31,261.8
1,sh,1,5,x,32,265.02
1,sh,1,5,x,33,268.24
1,sh,1,5,x,34,271.46
1,sh,1,5,x,35,274.69
1,sh,1,5,x,36,277.91
1,sh,1,5,x,37,281.16
1,sh,1,5,x,38,284.45
1,sh,1,5,x,39,287.74
1,sh,1,5,x,40,291.06
1,sh,1,5,x,41,294.4
1,sh,1,5,x,42,297.75
1,sh,1,5,x,43,301.14
1,sh,1,5,x,44,304.57
1,sh,1,5,x,45,307.99
1,sh,1,5,x,46,311.4
1,sh,1,5,x,47,314.76
1,sh,1,5,x,48,318.13
1,sh,1,5,x,49,321.54
1,sh,1,5,x,50,324.95
1,sh,1,5,x,51,328.36
1,sh,1,5,x,52,331.77
1,sh,1,5,x,53,335.18
1,sh,1,5,x,54,338.61
1,sh,1,5,x,55,342.05
1,sh,1,5,x,56,345.48
1,sh,1,5,x,57,348.92
1,sh,1,5,x,58,352.35
1,sh,1,5,x,59,355.78
1,sh,1,5,x,60,359.21
1,sh,1,5,x,61,362.6
1,sh,1,5,x,62,365.99
1,sh,1,5,x,63,369.37
1,sh,1,5,x,64,372.76
1,sh,1,5,x,65,376.14
1,sh,1,5,x,66,379.45
1,sh,1,5,x,67,382.75
1,sh,1,5,x,68,386.05
1,sh,1,5,x,69,389.35
1,sh,1,5,x,70,392.38
1,sh,1,5,x,71,395.33
1,sh,1,5,x,72,398.27
1,sh,1,5,x,73,401.19
1,sh,1,5,x,74,404.06
1,sh,1,5,x,75,406.93
1,sh,1,5,x,76,409.8
1,sh,1,5,x,77,412.95
1,sh,1,5,x,78,416.17
1,sh,1,5,x,79,419.38
1,sh,1,5,x,80,422.47
1,sh,1,5,x,81,425.53
1,sh,1,5,x,82,428.6
1,sh,1,5,x,83,431.61
1,sh,1,5,x,84,434.63
1,sh,1,5,x,85,437.63
1,sh,1,5,x,86,440.6
1,sh,1,5,x,87,443.57
1,sh,1,5,x,88,446.54
1,sh,1,5,x,89,449.41
1,sh,1,5,x,90,452.27
1,sh,1,5,x,91,455.13
1,sh,1,5,x,92,457.89
1,sh,1,5,x,93,460.64
1,sh,1,5,x,94,463.39
1,sh,1,5,x,95,466.12
1,sh,1,5,x,96,468.86
1,sh,1,5,x,97,471.59
1,sh,1,5,x,98,474.3
1,sh,1,5,x,99,477.01
1,sh,1,5,x,100,479.71
1,sh,1,5,y,1,294.25
1,sh,1,5,y,2,291.01
1,sh,1,5,y,3,287.78
1,sh,1,5,y,4,284.54
1,sh,1,5,y,5,281.33
1,sh,1,5,y,6,278.11
1,sh,1,5,y,7,274.89
1,sh,1,5,y,8,271.68
1,sh,1,5,y,9,268.47
1,sh,1,5,y,10,265.28
1,sh,1,5,y,11,262.15
1,sh,1,5,y,12,259.04
1,sh,1,5,y,13,255.92
1,sh,1,5,y,14,252.89
1,sh,1,5,y,15,249.86
1,sh,1,5,y,16,246.84
1,sh,1,5,y,17,243.92
1,sh,1,5,y,18,241
1,sh,1,5,y,19,238.12
1,sh,1,5,y,20,235.53
1,sh,1,5,y,21,232.93
1,sh,1,5,y,22,230.43
1,sh,1,5,y,23,228.36
1,sh,1,5,y,24,226.29
1,sh,1,5,y,25,224.29
1,sh,1,5,y,26,222.57
1,sh,1,5,y,27,220.84
1,sh,1,5,y,28,219.22
1,sh,1,5,y,29,217.86
1,sh,1,5,y,30,216.51
1,sh,1,5,y,31,215.2
1,sh,1,5,y,32,214.02
1,sh,1,5,y,33,212.82
1,sh,1,5,y,34,211.64
1,sh,1,5,y,35,210.46
1,sh,1,5,y,36,209.27
1,sh,1,5,y,37,208.16
1,sh,1,5,y,38,207.18
1,sh,1,5,y,39,206.21
1,sh,1,5,y,40,205.31
1,sh,1,5,y,41,204.53
1,sh,1,5,y,42,203.76
1,sh,1,5,y,43,203.21
1,sh,1,5,y,44,203.01
1,sh,1,5,y,45,202.8
1,sh,1,5,y,46,202.38
1,sh,1,5,y,47,201.68
1,sh,1,5,y,48,200.99
1,sh,1,5,y,49,200.58
1,sh,1,5,y,50,200.18
1,sh,1,5,y,51,199.78
1,sh,1,5,y,52,199.38
1,sh,1,5,y,53,199
1,sh,1,5,y,54,199
1,sh,1,5,y,55,199
1,sh,1,5,y,56,199
1,sh,1,5,y,57,199
1,sh,1,5,y,58,199
1,sh,1,5,y,59,199
1,sh,1,5,y,60,199.2
1,sh,1,5,y,61,199.77
1,sh,1,5,y,62,200.33
1,sh,1,5,y,63,200.9
1,sh,1,5,y,64,201.46
1,sh,1,5,y,65,202.04
1,sh,1,5,y,66,202.98
1,sh,1,5,y,67,203.93
1,sh,1,5,y,68,204.87
1,sh,1,5,y,69,205.82
1,sh,1,5,y,70,207.43
1,sh,1,5,y,71,209.19
1,sh,1,5,y,72,210.97
1,sh,1,5,y,73,212.77
1,sh,1,5,y,74,214.66
1,sh,1,5,y,75,216.54
1,sh,1,5,y,76,218.42
1,sh,1,5,y,77,219.79
1,sh,1,5,y,78,221
1,sh,1,5,y,79,222.21
1,sh,1,5,y,80,223.7
1,sh,1,5,y,81,225.26
1,sh,1,5,y,82,226.81
1,sh,1,5,y,83,228.45
1,sh,1,5,y,84,230.1
1,sh,1,5,y,85,231.76
1,sh,1,5,y,86,233.48
1,sh,1,5,y,87,235.21
1,sh,1,5,y,88,236.94
1,sh,1,5,y,89,238.82
1,sh,1,5,y,90,240.72
1,sh,1,5,y,91,242.62
1,sh,1,5,y,92,244.67
1,sh,1,5,y,93,246.72
1,sh,1,5,y,94,248.78
1,sh,1,5,y,95,250.86
1,sh,1,5,y,96,252.93
1,sh,1,5,y,97,255.02
1,sh,1,5,y,98,257.12
1,sh,1,5,y,99,259.23
1,sh,1,5,y,100,261.35
1,sh,2,1,x,1,185.22
1,sh,2,1,x,2,186.3
1,sh,2,1,x,3,187.39
1,sh,2,1,x,4,188.48
1,sh,2,1,x,5,189.66
1,sh,2,1,x,6,190.85
1,sh,2,1,x,7,192.03
1,sh,2,1,x,8,193.1
1,sh,2,1,x,9,194.16
1,sh,2,1,x,10,195.22
1,sh,2,1,x,11,196.53
1,sh,2,1,x,12,197.84
1,sh,2,1,x,13,199.15
1,sh,2,1,x,14,200.62
1,sh,2,1,x,15,202.08
1,sh,2,1,x,16,203.55
1,sh,2,1,x,17,205.39
1,sh,2,1,x,18,207.23
1,sh,2,1,x,19,209.08
1,sh,2,1,x,20,211.04
1,sh,2,1,x,21,213
1,sh,2,1,x,22,214.96
1,sh,2,1,x,23,217.37
1,sh,2,1,x,24,219.78
1,sh,2,1,x,25,222.2
1,sh,2,1,x,26,224.85
1,sh,2,1,x,27,227.51
1,sh,2,1,x,28,230.16
1,sh,2,1,x,29,233.24
1,sh,2,1,x,30,236.32
1,sh,2,1,x,31,239.4
1,sh,2,1,x,32,242.69
1,sh,2,1,x,33,245.98
1,sh,2,1,x,34,249.27
1,sh,2,1,x,35,252.66
1,sh,2,1,x,36,256.05
1,sh,2,1,x,37,259.43
1,sh,2,1,x,38,262.87
1,sh,2,1,x,39,266.31
1,sh,2,1,x,40,269.74
1,sh,2,1,x,41,273.3
1,sh,2,1,x,42,276.85
1,sh,2,1,x,43,280.4
1,sh,2,1,x,44,284.12
1,sh,2,1,x,45,287.83
1,sh,2,1,x,46,291.54
1,sh,2,1,x,47,295.28
1,sh,2,1,x,48,299.01
1,sh,2,1,x,49,302.75
1,sh,2,1,x,50,306.48
1,sh,2,1,x,51,310.21
1,sh,2,1,x,52,313.95
1,sh,2,1,x,53,317.63
1,sh,2,1,x,54,321.31
1,sh,2,1,x,55,325
1,sh,2,1,x,56,328.62
1,sh,2,1,x,57,332.24
1,sh,2,1,x,58,335.87
1,sh,2,1,x,59,339.37
1,sh,2,1,x,60,342.87
1,sh,2,1,x,61,346.37
1,sh,2,1,x,62,349.65
1,sh,2,1,x,63,352.93
1,sh,2,1,x,64,356.21
1,sh,2,1,x,65,359.41
1,sh,2,1,x,66,362.6
1,sh,2,1,x,67,365.8
1,sh,2,1,x,68,369.06
1,sh,2,1,x,69,372.32
1,sh,2,1,x,70,375.59
1,sh,2,1,x,71,378.91
1,sh,2,1,x,72,382.24
1,sh,2,1,x,73,385.56
1,sh,2,1,x,74,388.97
1,sh,2,1,x,75,392.38
1,sh,2,1,x,76,395.8
1,sh,2,1,x,77,399.26
1,sh,2,1,x,78,402.73
1,sh,2,1,x,79,406.2
1,sh,2,1,x,80,409.79
1,sh,2,1,x,81,413.38
1,sh,2,1,x,82,416.96
1,sh,2,1,x,83,420.5
1,sh,2,1,x,84,424.03
1,sh,2,1,x,85,427.57
1,sh,2,1,x,86,431.02
1,sh,2,1,x,87,434.47
1,sh,2,1,x,88,437.92
1,sh,2,1,x,89,441.28
1,sh,2,1,x,90,444.63
1,sh,2,1,x,91,447.98
1,sh,2,1,x,92,451.27
1,sh,2,1,x,93,454.56
1,sh,2,1,x,94,457.84
1,sh,2,1,x,95,461.14
1,sh,2,1,x,96,464.43
1,sh,2,1,x,97,467.72
1,sh,2,1,x,98,471.02
1,sh,2,1,x,99,474.32
1,sh,2,1,x,100,477.62
1,sh,2,1,y,1,314.65
1,sh,2,1,y,2,311.06
1,sh,2,1,y,3,307.47
1,sh,2,1,y,4,303.88
1,sh,2,1,y,5,300.32
1,sh,2,1,y,6,296.76
1,sh,2,1,y,7,293.2
1,sh,2,1,y,8,289.61
1,sh,2,1,y,9,286.01
1,sh,2,1,y,10,282.41
1,sh,2,1,y,11,278.9
1,sh,2,1,y,12,275.38
1,sh,2,1,y,13,271.87
1,sh,2,1,y,14,268.42
1,sh,2,1,y,15,264.96
1,sh,2,1,y,16,261.51
1,sh,2,1,y,17,258.24
1,sh,2,1,y,18,254.97
1,sh,2,1,y,19,251.71
1,sh,2,1,y,20,248.51
1,sh,2,1,y,21,245.31
1,sh,2,1,y,22,242.12
1,sh,2,1,y,23,239.24
1,sh,2,1,y,24,236.37
1,sh,2,1,y,25,233.49
1,sh,2,1,y,26,230.85
1,sh,2,1,y,27,228.19
1,sh,2,1,y,28,225.55
1,sh,2,1,y,29,223.41
1,sh,2,1,y,30,221.27
1,sh,2,1,y,31,219.13
1,sh,2,1,y,32,217.33
1,sh,2,1,y,33,215.52
1,sh,2,1,y,34,213.71
1,sh,2,1,y,35,212.11
1,sh,2,1,y,36,210.5
1,sh,2,1,y,37,208.89
1,sh,2,1,y,38,207.39
1,sh,2,1,y,39,205.89
1,sh,2,1,y,40,204.38
1,sh,2,1,y,41,203.18
1,sh,2,1,y,42,201.97
1,sh,2,1,y,43,200.77
1,sh,2,1,y,44,200.24
1,sh,2,1,y,45,199.7
1,sh,2,1,y,46,199.17
1,sh,2,1,y,47,198.84
1,sh,2,1,y,48,198.51
1,sh,2,1,y,49,198.18
1,sh,2,1,y,50,198.56
1,sh,2,1,y,51,198.94
1,sh,2,1,y,52,199.31
1,sh,2,1,y,53,200.02
1,sh,2,1,y,54,200.73
1,sh,2,1,y,55,201.43
1,sh,2,1,y,56,202.4
1,sh,2,1,y,57,203.37
1,sh,2,1,y,58,204.33
1,sh,2,1,y,59,205.68
1,sh,2,1,y,60,207.03
1,sh,2,1,y,61,208.38
1,sh,2,1,y,62,210.2
1,sh,2,1,y,63,212.02
1,sh,2,1,y,64,213.84
1,sh,2,1,y,65,215.8
1,sh,2,1,y,66,217.77
1,sh,2,1,y,67,219.73
1,sh,2,1,y,68,221.58
1,sh,2,1,y,69,223.43
1,sh,2,1,y,70,225.28
1,sh,2,1,y,71,227.02
1,sh,2,1,y,72,228.75
1,sh,2,1,y,73,230.49
1,sh,2,1,y,74,232.05
1,sh,2,1,y,75,233.61
1,sh,2,1,y,76,235.16
1,sh,2,1,y,77,236.6
1,sh,2,1,y,78,238.03
1,sh,2,1,y,79,239.46
1,sh,2,1,y,80,240.55
1,sh,2,1,y,81,241.64
1,sh,2,1,y,82,242.74
1,sh,2,1,y,83,243.99
1,sh,2,1,y,84,245.24
1,sh,2,1,y,85,246.49
1,sh,2,1,y,86,247.96
1,sh,2,1,y,87,249.44
1,sh,2,1,y,88,250.91
1,sh,2,1,y,89,252.58
1,sh,2,1,y,90,254.26
1,sh,2,1,y,91,255.94
1,sh,2,1,y,92,257.75
1,sh,2,1,y,93,259.56
1,sh,2,1,y,94,261.37
1,sh,2,1,y,95,263.16
1,sh,2,1,y,96,264.96
1,sh,2,1,y,97,266.76
1,sh,2,1,y,98,268.54
1,sh,2,1,y,99,270.32
1,sh,2,1,y,100,272.11
1,sh,2,2,x,1,184.36
1,sh,2,2,x,2,185.46
1,sh,2,2,x,3,186.57
1,sh,2,2,x,4,187.67
1,sh,2,2,x,5,188.91
1,sh,2,2,x,6,190.15
1,sh,2,2,x,7,191.4
1,sh,2,2,x,8,192.64
1,sh,2,2,x,9,193.89
1,sh,2,2,x,10,195.14
1,sh,2,2,x,11,196.49
1,sh,2,2,x,12,197.86
1,sh,2,2,x,13,199.24
1,sh,2,2,x,14,200.82
1,sh,2,2,x,15,202.53
1,sh,2,2,x,16,204.22
1,sh,2,2,x,17,206.04
1,sh,2,2,x,18,207.97
1,sh,2,2,x,19,209.89
1,sh,2,2,x,20,212
1,sh,2,2,x,21,214.36
1,sh,2,2,x,22,216.71
1,sh,2,2,x,23,219.12
1,sh,2,2,x,24,221.62
1,sh,2,2,x,25,224.13
1,sh,2,2,x,26,226.72
1,sh,2,2,x,27,229.55
1,sh,2,2,x,28,232.37
1,sh,2,2,x,29,235.25
1,sh,2,2,x,30,238.37
1,sh,2,2,x,31,241.5
1,sh,2,2,x,32,244.62
1,sh,2,2,x,33,247.79
1,sh,2,2,x,34,250.96
1,sh,2,2,x,35,254.13
1,sh,2,2,x,36,257.43
1,sh,2,2,x,37,260.72
1,sh,2,2,x,38,264.01
1,sh,2,2,x,39,267.35
1,sh,2,2,x,40,270.69
1,sh,2,2,x,41,274.02
1,sh,2,2,x,42,277.43
1,sh,2,2,x,43,280.85
1,sh,2,2,x,44,284.27
1,sh,2,2,x,45,287.8
1,sh,2,2,x,46,291.35
1,sh,2,2,x,47,294.9
1,sh,2,2,x,48,298.45
1,sh,2,2,x,49,302.01
1,sh,2,2,x,50,305.56
1,sh,2,2,x,51,309.11
1,sh,2,2,x,52,312.65
1,sh,2,2,x,53,316.19
1,sh,2,2,x,54,319.71
1,sh,2,2,x,55,323.21
1,sh,2,2,x,56,326.7
1,sh,2,2,x,57,330.18
1,sh,2,2,x,58,333.59
1,sh,2,2,x,59,337
1,sh,2,2,x,60,340.39
1,sh,2,2,x,61,343.7
1,sh,2,2,x,62,347.01
1,sh,2,2,x,63,350.31
1,sh,2,2,x,64,353.52
1,sh,2,2,x,65,356.72
1,sh,2,2,x,66,359.93
1,sh,2,2,x,67,363.08
1,sh,2,2,x,68,366.24
1,sh,2,2,x,69,369.4
1,sh,2,2,x,70,372.5
1,sh,2,2,x,71,375.59
1,sh,2,2,x,72,378.69
1,sh,2,2,x,73,381.89
1,sh,2,2,x,74,385.11
1,sh,2,2,x,75,388.33
1,sh,2,2,x,76,391.68
1,sh,2,2,x,77,395.08
1,sh,2,2,x,78,398.48
1,sh,2,2,x,79,401.86
1,sh,2,2,x,80,405.22
1,sh,2,2,x,81,408.59
1,sh,2,2,x,82,411.86
1,sh,2,2,x,83,415.05
1,sh,2,2,x,84,418.23
1,sh,2,2,x,85,421.43
1,sh,2,2,x,86,424.66
1,sh,2,2,x,87,427.88
1,sh,2,2,x,88,431.05
1,sh,2,2,x,89,434.12
1,sh,2,2,x,90,437.19
1,sh,2,2,x,91,440.26
1,sh,2,2,x,92,443.3
1,sh,2,2,x,93,446.34
1,sh,2,2,x,94,449.38
1,sh,2,2,x,95,452.39
1,sh,2,2,x,96,455.4
1,sh,2,2,x,97,458.4
1,sh,2,2,x,98,461.32
1,sh,2,2,x,99,464.24
1,sh,2,2,x,100,467.16
1,sh,2,2,y,1,304.41
1,sh,2,2,y,2,301.03
1,sh,2,2,y,3,297.65
1,sh,2,2,y,4,294.27
1,sh,2,2,y,5,290.94
1,sh,2,2,y,6,287.6
1,sh,2,2,y,7,284.27
1,sh,2,2,y,8,280.94
1,sh,2,2,y,9,277.61
1,sh,2,2,y,10,274.28
1,sh,2,2,y,11,270.99
1,sh,2,2,y,12,267.71
1,sh,2,2,y,13,264.44
1,sh,2,2,y,14,261.25
1,sh,2,2,y,15,258.13
1,sh,2,2,y,16,255
1,sh,2,2,y,17,251.95
1,sh,2,2,y,18,248.96
1,sh,2,2,y,19,245.96
1,sh,2,2,y,20,243.11
1,sh,2,2,y,21,240.44
1,sh,2,2,y,22,237.77
1,sh,2,2,y,23,235.16
1,sh,2,2,y,24,232.64
1,sh,2,2,y,25,230.11
1,sh,2,2,y,26,227.68
1,sh,2,2,y,27,225.52
1,sh,2,2,y,28,223.36
1,sh,2,2,y,29,221.27
1,sh,2,2,y,30,219.57
1,sh,2,2,y,31,217.87
1,sh,2,2,y,32,216.17
1,sh,2,2,y,33,214.56
1,sh,2,2,y,34,212.95
1,sh,2,2,y,35,211.34
1,sh,2,2,y,36,210
1,sh,2,2,y,37,208.66
1,sh,2,2,y,38,207.32
1,sh,2,2,y,39,206.08
1,sh,2,2,y,40,204.86
1,sh,2,2,y,41,203.63
1,sh,2,2,y,42,202.61
1,sh,2,2,y,43,201.64
1,sh,2,2,y,44,200.67
1,sh,2,2,y,45,200.21
1,sh,2,2,y,46,199.97
1,sh,2,2,y,47,199.74
1,sh,2,2,y,48,199.68
1,sh,2,2,y,49,199.74
1,sh,2,2,y,50,199.81
1,sh,2,2,y,51,200.02
1,sh,2,2,y,52,200.38
1,sh,2,2,y,53,200.74
1,sh,2,2,y,54,201.22
1,sh,2,2,y,55,201.87
1,sh,2,2,y,56,202.52
1,sh,2,2,y,57,203.28
1,sh,2,2,y,58,204.28
1,sh,2,2,y,59,205.29
1,sh,2,2,y,60,206.36
1,sh,2,2,y,61,207.65
1,sh,2,2,y,62,208.95
1,sh,2,2,y,63,210.28
1,sh,2,2,y,64,211.81
1,sh,2,2,y,65,213.36
1,sh,2,2,y,66,214.9
1,sh,2,2,y,67,216.54
1,sh,2,2,y,68,218.18
1,sh,2,2,y,69,219.81
1,sh,2,2,y,70,221.55
1,sh,2,2,y,71,223.3
1,sh,2,2,y,72,225.05
1,sh,2,2,y,73,226.6
1,sh,2,2,y,74,228.12
1,sh,2,2,y,75,229.63
1,sh,2,2,y,76,230.8
1,sh,2,2,y,77,231.84
1,sh,2,2,y,78,232.89
1,sh,2,2,y,79,234
1,sh,2,2,y,80,235.15
1,sh,2,2,y,81,236.29
1,sh,2,2,y,82,237.7
1,sh,2,2,y,83,239.27
1,sh,2,2,y,84,240.86
1,sh,2,2,y,85,242.41
1,sh,2,2,y,86,243.9
1,sh,2,2,y,87,245.41
1,sh,2,2,y,88,247.02
1,sh,2,2,y,89,248.81
1,sh,2,2,y,90,250.61
1,sh,2,2,y,91,252.4
1,sh,2,2,y,92,254.25
1,sh,2,2,y,93,256.09
1,sh,2,2,y,94,257.94
1,sh,2,2,y,95,259.83
1,sh,2,2,y,96,261.73
1,sh,2,2,y,97,263.63
1,sh,2,2,y,98,265.66
1,sh,2,2,y,99,267.69
1,sh,2,2,y,100,269.72
1,sh,2,3,x,1,192.96
1,sh,2,3,x,2,194.51
1,sh,2,3,x,3,196.05
1,sh,2,3,x,4,197.6
1,sh,2,3,x,5,199.15
1,sh,2,3,x,6,200.69
1,sh,2,3,x,7,202.24
1,sh,2,3,x,8,203.77
1,sh,2,3,x,9,205.29
1,sh,2,3,x,10,206.81
1,sh,2,3,x,11,208.29
1,sh,2,3,x,12,209.76
1,sh,2,3,x,13,211.24
1,sh,2,3,x,14,212.97
1,sh,2,3,x,15,214.78
1,sh,2,3,x,16,216.59
1,sh,2,3,x,17,218.71
1,sh,2,3,x,18,220.96
1,sh,2,3,x,19,223.22
1,sh,2,3,x,20,225.66
1,sh,2,3,x,21,228.18
1,sh,2,3,x,22,230.7
1,sh,2,3,x,23,233.29
1,sh,2,3,x,24,235.91
1,sh,2,3,x,25,238.54
1,sh,2,3,x,26,241.31
1,sh,2,3,x,27,244.19
1,sh,2,3,x,28,247.08
1,sh,2,3,x,29,250.13
1,sh,2,3,x,30,253.33
1,sh,2,3,x,31,256.53
1,sh,2,3,x,32,259.73
1,sh,2,3,x,33,262.94
1,sh,2,3,x,34,266.15
1,sh,2,3,x,35,269.38
1,sh,2,3,x,36,272.64
1,sh,2,3,x,37,275.9
1,sh,2,3,x,38,279.17
1,sh,2,3,x,39,282.49
1,sh,2,3,x,40,285.8
1,sh,2,3,x,41,289.15
1,sh,2,3,x,42,292.55
1,sh,2,3,x,43,295.95
1,sh,2,3,x,44,299.36
1,sh,2,3,x,45,302.8
1,sh,2,3,x,46,306.24
1,sh,2,3,x,47,309.69
1,sh,2,3,x,48,313.15
1,sh,2,3,x,49,316.61
1,sh,2,3,x,50,320.07
1,sh,2,3,x,51,323.53
1,sh,2,3,x,52,326.99
1,sh,2,3,x,53,330.45
1,sh,2,3,x,54,333.91
1,sh,2,3,x,55,337.37
1,sh,2,3,x,56,340.83
1,sh,2,3,x,57,344.2
1,sh,2,3,x,58,347.55
1,sh,2,3,x,59,350.91
1,sh,2,3,x,60,354.27
1,sh,2,3,x,61,357.62
1,sh,2,3,x,62,360.98
1,sh,2,3,x,63,364.34
1,sh,2,3,x,64,367.65
1,sh,2,3,x,65,370.95
1,sh,2,3,x,66,374.25
1,sh,2,3,x,67,377.55
1,sh,2,3,x,68,380.85
1,sh,2,3,x,69,384.15
1,sh,2,3,x,70,387.47
1,sh,2,3,x,71,390.79
1,sh,2,3,x,72,394.11
1,sh,2,3,x,73,397.43
1,sh,2,3,x,74,400.76
1,sh,2,3,x,75,404.08
1,sh,2,3,x,76,407.4
1,sh,2,3,x,77,410.71
1,sh,2,3,x,78,414.01
1,sh,2,3,x,79,417.31
1,sh,2,3,x,80,420.61
1,sh,2,3,x,81,423.92
1,sh,2,3,x,82,427.18
1,sh,2,3,x,83,430.45
1,sh,2,3,x,84,433.72
1,sh,2,3,x,85,436.98
1,sh,2,3,x,86,440.25
1,sh,2,3,x,87,443.51
1,sh,2,3,x,88,446.59
1,sh,2,3,x,89,449.63
1,sh,2,3,x,90,452.66
1,sh,2,3,x,91,455.7
1,sh,2,3,x,92,458.74
1,sh,2,3,x,93,461.78
1,sh,2,3,x,94,464.82
1,sh,2,3,x,95,467.74
1,sh,2,3,x,96,470.59
1,sh,2,3,x,97,473.44
1,sh,2,3,x,98,476.3
1,sh,2,3,x,99,479.15
1,sh,2,3,x,100,482
1,sh,2,3,y,1,292.29
1,sh,2,3,y,2,289.2
1,sh,2,3,y,3,286.1
1,sh,2,3,y,4,283
1,sh,2,3,y,5,279.91
1,sh,2,3,y,6,276.81
1,sh,2,3,y,7,273.72
1,sh,2,3,y,8,270.61
1,sh,2,3,y,9,267.51
1,sh,2,3,y,10,264.4
1,sh,2,3,y,11,261.27
1,sh,2,3,y,12,258.14
1,sh,2,3,y,13,255.01
1,sh,2,3,y,14,252.01
1,sh,2,3,y,15,249.06
1,sh,2,3,y,16,246.11
1,sh,2,3,y,17,243.39
1,sh,2,3,y,18,240.76
1,sh,2,3,y,19,238.13
1,sh,2,3,y,20,235.68
1,sh,2,3,y,21,233.3
1,sh,2,3,y,22,230.94
1,sh,2,3,y,23,228.65
1,sh,2,3,y,24,226.39
1,sh,2,3,y,25,224.13
1,sh,2,3,y,26,222.06
1,sh,2,3,y,27,220.15
1,sh,2,3,y,28,218.24
1,sh,2,3,y,29,216.61
1,sh,2,3,y,30,215.28
1,sh,2,3,y,31,213.96
1,sh,2,3,y,32,212.65
1,sh,2,3,y,33,211.36
1,sh,2,3,y,34,210.07
1,sh,2,3,y,35,208.83
1,sh,2,3,y,36,207.66
1,sh,2,3,y,37,206.5
1,sh,2,3,y,38,205.4
1,sh,2,3,y,39,204.4
1,sh,2,3,y,40,203.41
1,sh,2,3,y,41,202.52
1,sh,2,3,y,42,201.88
1,sh,2,3,y,43,201.24
1,sh,2,3,y,44,200.66
1,sh,2,3,y,45,200.31
1,sh,2,3,y,46,199.95
1,sh,2,3,y,47,199.66
1,sh,2,3,y,48,199.67
1,sh,2,3,y,49,199.69
1,sh,2,3,y,50,199.71
1,sh,2,3,y,51,199.76
1,sh,2,3,y,52,199.8
1,sh,2,3,y,53,199.85
1,sh,2,3,y,54,199.9
1,sh,2,3,y,55,199.95
1,sh,2,3,y,56,200
1,sh,2,3,y,57,200.79
1,sh,2,3,y,58,201.63
1,sh,2,3,y,59,202.48
1,sh,2,3,y,60,203.31
1,sh,2,3,y,61,204.15
1,sh,2,3,y,62,204.99
1,sh,2,3,y,63,205.84
1,sh,2,3,y,64,206.83
1,sh,2,3,y,65,207.87
1,sh,2,3,y,66,208.92
1,sh,2,3,y,67,209.96
1,sh,2,3,y,68,211
1,sh,2,3,y,69,212.04
1,sh,2,3,y,70,213.01
1,sh,2,3,y,71,213.98
1,sh,2,3,y,72,214.95
1,sh,2,3,y,73,215.92
1,sh,2,3,y,74,216.89
1,sh,2,3,y,75,217.85
1,sh,2,3,y,76,218.82
1,sh,2,3,y,77,219.84
1,sh,2,3,y,78,220.88
1,sh,2,3,y,79,221.91
1,sh,2,3,y,80,222.94
1,sh,2,3,y,81,223.97
1,sh,2,3,y,82,225.11
1,sh,2,3,y,83,226.26
1,sh,2,3,y,84,227.4
1,sh,2,3,y,85,228.54
1,sh,2,3,y,86,229.69
1,sh,2,3,y,87,230.83
1,sh,2,3,y,88,232.41
1,sh,2,3,y,89,234.07
1,sh,2,3,y,90,235.73
1,sh,2,3,y,91,237.38
1,sh,2,3,y,92,239.04
1,sh,2,3,y,93,240.7
1,sh,2,3,y,94,242.35
1,sh,2,3,y,95,244.2
1,sh,2,3,y,96,246.16
1,sh,2,3,y,97,248.12
1,sh,2,3,y,98,250.08
1,sh,2,3,y,99,252.04
1,sh,2,3,y,100,254
1,sh,2,4,x,1,211
1,sh,2,4,x,2,212.72
1,sh,2,4,x,3,214.43
1,sh,2,4,x,4,216.03
1,sh,2,4,x,5,217.29
1,sh,2,4,x,6,218.56
1,sh,2,4,x,7,219.92
1,sh,2,4,x,8,221.51
1,sh,2,4,x,9,223.12
1,sh,2,4,x,10,224.82
1,sh,2,4,x,11,226.83
1,sh,2,4,x,12,228.84
1,sh,2,4,x,13,230.96
1,sh,2,4,x,14,233.38
1,sh,2,4,x,15,235.8
1,sh,2,4,x,16,238.28
1,sh,2,4,x,17,240.96
1,sh,2,4,x,18,243.64
1,sh,2,4,x,19,246.31
1,sh,2,4,x,20,248.99
1,sh,2,4,x,21,251.66
1,sh,2,4,x,22,254.37
1,sh,2,4,x,23,257.18
1,sh,2,4,x,24,259.99
1,sh,2,4,x,25,262.8
1,sh,2,4,x,26,265.61
1,sh,2,4,x,27,268.43
1,sh,2,4,x,28,271.3
1,sh,2,4,x,29,274.35
1,sh,2,4,x,30,277.4
1,sh,2,4,x,31,280.44
1,sh,2,4,x,32,283.46
1,sh,2,4,x,33,286.48
1,sh,2,4,x,34,289.52
1,sh,2,4,x,35,292.63
1,sh,2,4,x,36,295.73
1,sh,2,4,x,37,298.84
1,sh,2,4,x,38,301.96
1,sh,2,4,x,39,305.08
1,sh,2,4,x,40,308.22
1,sh,2,4,x,41,311.42
1,sh,2,4,x,42,314.63
1,sh,2,4,x,43,317.83
1,sh,2,4,x,44,321.03
1,sh,2,4,x,45,324.24
1,sh,2,4,x,46,327.45
1,sh,2,4,x,47,330.66
1,sh,2,4,x,48,333.88
1,sh,2,4,x,49,337.09
1,sh,2,4,x,50,340.31
1,sh,2,4,x,51,343.53
1,sh,2,4,x,52,346.74
1,sh,2,4,x,53,349.94
1,sh,2,4,x,54,353.13
1,sh,2,4,x,55,356.33
1,sh,2,4,x,56,359.5
1,sh,2,4,x,57,362.67
1,sh,2,4,x,58,365.84
1,sh,2,4,x,59,368.99
1,sh,2,4,x,60,372.15
1,sh,2,4,x,61,375.3
1,sh,2,4,x,62,378.44
1,sh,2,4,x,63,381.58
1,sh,2,4,x,64,384.71
1,sh,2,4,x,65,387.8
1,sh,2,4,x,66,390.89
1,sh,2,4,x,67,393.98
1,sh,2,4,x,68,397.03
1,sh,2,4,x,69,400.08
1,sh,2,4,x,70,403.12
1,sh,2,4,x,71,406
1,sh,2,4,x,72,408.87
1,sh,2,4,x,73,411.74
1,sh,2,4,x,74,414.5
1,sh,2,4,x,75,417.25
1,sh,2,4,x,76,420.02
1,sh,2,4,x,77,422.9
1,sh,2,4,x,78,425.77
1,sh,2,4,x,79,428.65
1,sh,2,4,x,80,431.53
1,sh,2,4,x,81,434.4
1,sh,2,4,x,82,437.29
1,sh,2,4,x,83,440.27
1,sh,2,4,x,84,443.26
1,sh,2,4,x,85,446.25
1,sh,2,4,x,86,449.33
1,sh,2,4,x,87,452.41
1,sh,2,4,x,88,455.49
1,sh,2,4,x,89,458.47
1,sh,2,4,x,90,461.46
1,sh,2,4,x,91,464.44
1,sh,2,4,x,92,467.39
1,sh,2,4,x,93,470.35
1,sh,2,4,x,94,473.31
1,sh,2,4,x,95,476.18
1,sh,2,4,x,96,479.06
1,sh,2,4,x,97,481.93
1,sh,2,4,x,98,484.64
1,sh,2,4,x,99,487.34
1,sh,2,4,x,100,490.04
1,sh,2,4,y,1,273
1,sh,2,4,y,2,270.28
1,sh,2,4,y,3,267.56
1,sh,2,4,y,4,264.77
1,sh,2,4,y,5,261.81
1,sh,2,4,y,6,258.86
1,sh,2,4,y,7,255.94
1,sh,2,4,y,8,253.15
1,sh,2,4,y,9,250.36
1,sh,2,4,y,10,247.64
1,sh,2,4,y,11,245.12
1,sh,2,4,y,12,242.61
1,sh,2,4,y,13,240.2
1,sh,2,4,y,14,238.08
1,sh,2,4,y,15,235.96
1,sh,2,4,y,16,233.92
1,sh,2,4,y,17,232.14
1,sh,2,4,y,18,230.36
1,sh,2,4,y,19,228.57
1,sh,2,4,y,20,226.79
1,sh,2,4,y,21,225
1,sh,2,4,y,22,223.27
1,sh,2,4,y,23,221.71
1,sh,2,4,y,24,220.15
1,sh,2,4,y,25,218.58
1,sh,2,4,y,26,217.02
1,sh,2,4,y,27,215.46
1,sh,2,4,y,28,214.01
1,sh,2,4,y,29,212.99
1,sh,2,4,y,30,211.98
1,sh,2,4,y,31,210.94
1,sh,2,4,y,32,209.84
1,sh,2,4,y,33,208.74
1,sh,2,4,y,34,207.69
1,sh,2,4,y,35,206.85
1,sh,2,4,y,36,206
1,sh,2,4,y,37,205.17
1,sh,2,4,y,38,204.39
1,sh,2,4,y,39,203.61
1,sh,2,4,y,40,202.92
1,sh,2,4,y,41,202.66
1,sh,2,4,y,42,202.39
1,sh,2,4,y,43,202.12
1,sh,2,4,y,44,201.85
1,sh,2,4,y,45,201.59
1,sh,2,4,y,46,201.36
1,sh,2,4,y,47,201.36
1,sh,2,4,y,48,201.36
1,sh,2,4,y,49,201.36
1,sh,2,4,y,50,201.36
1,sh,2,4,y,51,201.36
1,sh,2,4,y,52,201.41
1,sh,2,4,y,53,201.77
1,sh,2,4,y,54,202.12
1,sh,2,4,y,55,202.5
1,sh,2,4,y,56,203.03
1,sh,2,4,y,57,203.56
1,sh,2,4,y,58,204.1
1,sh,2,4,y,59,204.73
1,sh,2,4,y,60,205.36
1,sh,2,4,y,61,206
1,sh,2,4,y,62,206.69
1,sh,2,4,y,63,207.39
1,sh,2,4,y,64,208.12
1,sh,2,4,y,65,208.99
1,sh,2,4,y,66,209.88
1,sh,2,4,y,67,210.77
1,sh,2,4,y,68,211.79
1,sh,2,4,y,69,212.81
1,sh,2,4,y,70,213.87
1,sh,2,4,y,71,215.31
1,sh,2,4,y,72,216.75
1,sh,2,4,y,73,218.2
1,sh,2,4,y,74,219.85
1,sh,2,4,y,75,221.51
1,sh,2,4,y,76,223.15
1,sh,2,4,y,77,224.58
1,sh,2,4,y,78,226.03
1,sh,2,4,y,79,227.46
1,sh,2,4,y,80,228.89
1,sh,2,4,y,81,230.34
1,sh,2,4,y,82,231.76
1,sh,2,4,y,83,232.95
1,sh,2,4,y,84,234.15
1,sh,2,4,y,85,235.33
1,sh,2,4,y,86,236.26
1,sh,2,4,y,87,237.18
1,sh,2,4,y,88,238.11
1,sh,2,4,y,89,239.31
1,sh,2,4,y,90,240.5
1,sh,2,4,y,91,241.7
1,sh,2,4,y,92,242.97
1,sh,2,4,y,93,244.23
1,sh,2,4,y,94,245.5
1,sh,2,4,y,95,246.94
1,sh,2,4,y,96,248.38
1,sh,2,4,y,97,249.82
1,sh,2,4,y,98,251.56
1,sh,2,4,y,99,253.31
1,sh,2,4,y,100,255.05
1,sh,2,5,x,1,208.46
1,sh,2,5,x,2,210.23
1,sh,2,5,x,3,212.01
1,sh,2,5,x,4,213.79
1,sh,2,5,x,5,215.4
1,sh,2,5,x,6,217.01
1,sh,2,5,x,7,218.63
1,sh,2,5,x,8,220.49
1,sh,2,5,x,9,222.36
1,sh,2,5,x,10,224.23
1,sh,2,5,x,11,226.21
1,sh,2,5,x,12,228.19
1,sh,2,5,x,13,230.18
1,sh,2,5,x,14,232.35
1,sh,2,5,x,15,234.52
1,sh,2,5,x,16,236.69
1,sh,2,5,x,17,239.16
1,sh,2,5,x,18,241.64
1,sh,2,5,x,19,244.12
1,sh,2,5,x,20,246.81
1,sh,2,5,x,21,249.52
1,sh,2,5,x,22,252.22
1,sh,2,5,x,23,255.05
1,sh,2,5,x,24,257.88
1,sh,2,5,x,25,260.72
1,sh,2,5,x,26,263.71
1,sh,2,5,x,27,266.7
1,sh,2,5,x,28,269.7
1,sh,2,5,x,29,272.77
1,sh,2,5,x,30,275.83
1,sh,2,5,x,31,278.9
1,sh,2,5,x,32,281.93
1,sh,2,5,x,33,284.97
1,sh,2,5,x,34,288
1,sh,2,5,x,35,291.12
1,sh,2,5,x,36,294.23
1,sh,2,5,x,37,297.35
1,sh,2,5,x,38,300.54
1,sh,2,5,x,39,303.74
1,sh,2,5,x,40,306.94
1,sh,2,5,x,41,310.15
1,sh,2,5,x,42,313.36
1,sh,2,5,x,43,316.58
1,sh,2,5,x,44,319.81
1,sh,2,5,x,45,323.03
1,sh,2,5,x,46,326.26
1,sh,2,5,x,47,329.47
1,sh,2,5,x,48,332.68
1,sh,2,5,x,49,335.89
1,sh,2,5,x,50,339.09
1,sh,2,5,x,51,342.3
1,sh,2,5,x,52,345.51
1,sh,2,5,x,53,348.74
1,sh,2,5,x,54,351.96
1,sh,2,5,x,55,355.19
1,sh,2,5,x,56,358.41
1,sh,2,5,x,57,361.63
1,sh,2,5,x,58,364.85
1,sh,2,5,x,59,368.02
1,sh,2,5,x,60,371.18
1,sh,2,5,x,61,374.34
1,sh,2,5,x,62,377.4
1,sh,2,5,x,63,380.46
1,sh,2,5,x,64,383.52
1,sh,2,5,x,65,386.51
1,sh,2,5,x,66,389.5
1,sh,2,5,x,67,392.48
1,sh,2,5,x,68,395.39
1,sh,2,5,x,69,398.31
1,sh,2,5,x,70,401.21
1,sh,2,5,x,71,404.06
1,sh,2,5,x,72,406.91
1,sh,2,5,x,73,409.76
1,sh,2,5,x,74,412.69
1,sh,2,5,x,75,415.63
1,sh,2,5,x,76,418.57
1,sh,2,5,x,77,421.6
1,sh,2,5,x,78,424.64
1,sh,2,5,x,79,427.67
1,sh,2,5,x,80,430.71
1,sh,2,5,x,81,433.74
1,sh,2,5,x,82,436.78
1,sh,2,5,x,83,439.78
1,sh,2,5,x,84,442.78
1,sh,2,5,x,85,445.78
1,sh,2,5,x,86,448.76
1,sh,2,5,x,87,451.73
1,sh,2,5,x,88,454.71
1,sh,2,5,x,89,457.55
1,sh,2,5,x,90,460.39
1,sh,2,5,x,91,463.23
1,sh,2,5,x,92,466.01
1,sh,2,5,x,93,468.8
1,sh,2,5,x,94,471.59
1,sh,2,5,x,95,474.44
1,sh,2,5,x,96,477.29
1,sh,2,5,x,97,480.15
1,sh,2,5,x,98,483.03
1,sh,2,5,x,99,485.91
1,sh,2,5,x,100,488.8
1,sh,2,5,y,1,270.88
1,sh,2,5,y,2,268.18
1,sh,2,5,y,3,265.49
1,sh,2,5,y,4,262.8
1,sh,2,5,y,5,260
1,sh,2,5,y,6,257.21
1,sh,2,5,y,7,254.42
1,sh,2,5,y,8,251.78
1,sh,2,5,y,9,249.15
1,sh,2,5,y,10,246.52
1,sh,2,5,y,11,243.98
1,sh,2,5,y,12,241.43
1,sh,2,5,y,13,238.89
1,sh,2,5,y,14,236.5
1,sh,2,5,y,15,234.11
1,sh,2,5,y,16,231.73
1,sh,2,5,y,17,229.66
1,sh,2,5,y,18,227.59
1,sh,2,5,y,19,225.52
1,sh,2,5,y,20,223.75
1,sh,2,5,y,21,221.99
1,sh,2,5,y,22,220.23
1,sh,2,5,y,23,218.68
1,sh,2,5,y,24,217.14
1,sh,2,5,y,25,215.6
1,sh,2,5,y,26,214.4
1,sh,2,5,y,27,213.19
1,sh,2,5,y,28,211.99
1,sh,2,5,y,29,210.99
1,sh,2,5,y,30,209.99
1,sh,2,5,y,31,208.99
1,sh,2,5,y,32,207.89
1,sh,2,5,y,33,206.8
1,sh,2,5,y,34,205.7
1,sh,2,5,y,35,204.86
1,sh,2,5,y,36,204.02
1,sh,2,5,y,37,203.18
1,sh,2,5,y,38,202.74
1,sh,2,5,y,39,202.3
1,sh,2,5,y,40,201.86
1,sh,2,5,y,41,201.58
1,sh,2,5,y,42,201.31
1,sh,2,5,y,43,201.04
1,sh,2,5,y,44,201.1
1,sh,2,5,y,45,201.16
1,sh,2,5,y,46,201.23
1,sh,2,5,y,47,201.55
1,sh,2,5,y,48,201.87
1,sh,2,5,y,49,202.19
1,sh,2,5,y,50,202.54
1,sh,2,5,y,51,202.88
1,sh,2,5,y,52,203.23
1,sh,2,5,y,53,203.25
1,sh,2,5,y,54,203.28
1,sh,2,5,y,55,203.3
1,sh,2,5,y,56,203.5
1,sh,2,5,y,57,203.69
1,sh,2,5,y,58,203.89
1,sh,2,5,y,59,204.51
1,sh,2,5,y,60,205.14
1,sh,2,5,y,61,205.77
1,sh,2,5,y,62,206.79
1,sh,2,5,y,63,207.82
1,sh,2,5,y,64,208.84
1,sh,2,5,y,65,210.06
1,sh,2,5,y,66,211.28
1,sh,2,5,y,67,212.5
1,sh,2,5,y,68,213.89
1,sh,2,5,y,69,215.28
1,sh,2,5,y,70,216.68
1,sh,2,5,y,71,218.19
1,sh,2,5,y,72,219.71
1,sh,2,5,y,73,221.23
1,sh,2,5,y,74,222.57
1,sh,2,5,y,75,223.9
1,sh,2,5,y,76,225.23
1,sh,2,5,y,77,226.32
1,sh,2,5,y,78,227.42
1,sh,2,5,y,79,228.51
1,sh,2,5,y,80,229.6
1,sh,2,5,y,81,230.7
1,sh,2,5,y,82,231.8
1,sh,2,5,y,83,232.98
1,sh,2,5,y,84,234.16
1,sh,2,5,y,85,235.34
1,sh,2,5,y,86,236.59
1,sh,2,5,y,87,237.84
1,sh,2,5,y,88,239.09
1,sh,2,5,y,89,240.62
1,sh,2,5,y,90,242.15
1,sh,2,5,y,91,243.68
1,sh,2,5,y,92,245.31
1,sh,2,5,y,93,246.93
1,sh,2,5,y,94,248.56
1,sh,2,5,y,95,250.06
1,sh,2,5,y,96,251.57
1,sh,2,5,y,97,253.08
1,sh,2,5,y,98,254.52
1,sh,2,5,y,99,255.97
1,sh,2,5,y,100,257.41